"specimen_id","patient","tissue","raw_library_size","size_factor"
"R18LIV","R18","Liver",44493008,0.465482917006292
"R18LUN","R18","Lung",40098092,0.838666202770761
"R23LIV","R23","Liver",44726895,1.06649582351721
"R23LUN","R23","Lung",43585280,1.16532252157471
"R33LIV","R33","Liver",44575713,1.18101571651999
"R33LUN","R33","Lung",44570468,1.15731144297205
"R36LIV","R36","Liver",43825847,1.02835284801344
"R36LUN","R36","Lung",41702046,0.970713771174652
"R49LIV","R49","Liver",49197151,1.21439753926454
"R49LUN","R49","Lung",38862501,1.00502913666372
"R8LIV","R8","Liver",50484009,1.03339821484681
"R8LUN","R8","Lung",49013498,1.15433987849218
