"gene_name","group","patient_code","Liver_raw_count","Lung_raw_count","Liver_normalized_count","Lung_normalized_count","Lung_minus_Liver_log2_count_plus1"
"PTPRC","Immune-associated","R18",2281,3260,4900.28724291329,3887.12456663892,-0.334086258902499
"PTPRC","Immune-associated","R23",270,2217,253.165548374641,1902.47760508752,2.90479720199842
"PTPRC","Immune-associated","R33",1082,2362,916.16054288274,2040.93722078323,1.15469231608352
"PTPRC","Immune-associated","R36",209,2754,203.237634245623,2837.08759655012,3.79659848151085
"PTPRC","Immune-associated","R49",390,419,321.14689579838,416.903336146957,0.37545058278263
"PTPRC","Immune-associated","R8",454,1102,439.327253983402,954.658173500384,1.11791853480832
"CD3D","Immune-associated","R18",51,53,109.56363410284,63.1955834453566,-0.78433099065201
"CD3D","Immune-associated","R23",10,145,9.37650179165338,124.429072051281,3.59547971790308
"CD3D","Immune-associated","R33",101,172,85.519607052825,148.620322597255,0.79020712848783
"CD3D","Immune-associated","R36",35,144,34.035010519602,148.344449492817,2.09177438519032
"CD3D","Immune-associated","R49",4,6,3.29381431588082,5.9699761739421,0.69889392058532
"CD3D","Immune-associated","R8",23,121,22.2566670520226,104.821813968735,2.18592079141695
"CD79A","Immune-associated","R18",6,25,12.8898393062165,29.8092374742248,1.1493330676054
"CD79A","Immune-associated","R23",13,193,12.1894523291494,165.619385557912,3.65909969742729
"CD79A","Immune-associated","R33",50,283,42.3364391350619,244.532274971064,2.5022601576523
"CD79A","Immune-associated","R36",31,53,30.1452950316474,54.5989987716618,0.83604466430871
"CD79A","Immune-associated","R49",36,75,29.6443288429274,74.6247021742763,1.30323744771568
"CD79A","Immune-associated","R8",26,38,25.1597105805473,32.9192473620822,0.37475757855174
"LST1","Immune-associated","R18",462,528,992.517626578668,629.571095455628,-0.65588652309471
"LST1","Immune-associated","R23",98,508,91.8897175582031,435.930817945178,2.23381405545663
"LST1","Immune-associated","R33",145,444,122.77567349168,383.647809495239,1.63581029310755
"LST1","Immune-associated","R36",47,687,45.7041569834655,707.726644455314,3.92360641762115
"LST1","Immune-associated","R49",143,146,117.753861792739,145.269420232591,0.3006537548019
"LST1","Immune-associated","R8",47,73,45.4810152802201,63.2396067745263,0.4668214800809
"COL1A1","Stroma / ECM-associated","R18",8528,21586,18320.7582672357,25738.4880047447,0.490425396715199
"COL1A1","Stroma / ECM-associated","R23",38673,62979,36261.7453788611,54044.265715294,0.575680092829501
"COL1A1","Stroma / ECM-associated","R33",94232,163785,79788.9466515031,141521.97404995,0.8267573843547
"COL1A1","Stroma / ECM-associated","R36",37826,483221,36783.0945118418,497799.675197003,3.7584142040351
"COL1A1","Stroma / ECM-associated","R49",42181,29662,34734.0954145423,29513.5722119118,-0.234966628979301
"COL1A1","Stroma / ECM-associated","R8",48622,29564,47050.5941479757,25611.1744476999,-0.877413862030799
"COL1A2","Stroma / ECM-associated","R18",7449,24480,16002.7354986677,29189.2053347609,0.867075669441801
"COL1A2","Stroma / ECM-associated","R23",19185,56604,17988.818687287,48573.6772026946,1.433023762308
"COL1A2","Stroma / ECM-associated","R33",55990,99064,47408.3445434423,85598.3932428746,0.852429123095199
"COL1A2","Stroma / ECM-associated","R36",16863,203607,16398.0680683442,209749.78005475,3.6769904396649
"COL1A2","Stroma / ECM-associated","R49",27053,27476,22276.889671881,27338.5108925389,0.2953748568703
"COL1A2","Stroma / ECM-associated","R8",27708,15841,26812.510029454,13722.9946700722,-0.9662596173344
"DCN","Stroma / ECM-associated","R18",6157,40239,13227.1234347291,47979.7562690133,1.8588474846285
"DCN","Stroma / ECM-associated","R23",2498,77338,2342.25014755501,66366.1763744964,4.8238870166578
"DCN","Stroma / ECM-associated","R33",31162,45464,26385.762326536,39284.1531776836,0.574169843794699
"DCN","Stroma / ECM-associated","R36",5023,33994,4884.51022399888,35019.5917781862,2.8416223179218
"DCN","Stroma / ECM-associated","R49",8182,9145,6737.49718313423,9099.23868511676,0.433477507429901
"DCN","Stroma / ECM-associated","R8",2917,4554,2822.72599090217,3945.11190755059,0.482831770975501
"LUM","Stroma / ECM-associated","R18",937,29510,2012.96323832081,35186.823914575,4.1269670430926
"LUM","Stroma / ECM-associated","R23",2575,49416,2414.44921135074,42405.4277550766,4.1339195346398
"LUM","Stroma / ECM-associated","R33",16130,25579,13657.735264971,22102.0885564836,0.6944240744842
"LUM","Stroma / ECM-associated","R36",3560,24891,3461.84678427951,25641.9561967063,2.888532128587
"LUM","Stroma / ECM-associated","R49",2900,10568,2388.0153790136,10515.11803437,2.1381141940478
"LUM","Stroma / ECM-associated","R8",3351,2696,3242.69962136207,2335.53397074141,-0.4732702141985
"PECAM1","Endothelial-associated","R18",4855,56261,10430.0283052802,67083.9003814945,2.6851066902057
"PECAM1","Endothelial-associated","R23",804,22073,753.870744048932,18941.5372923305,4.64925614391885
"PECAM1","Endothelial-associated","R33",8077,17972,6839.0283778779,15529.0955681271,1.182992492036
"PECAM1","Endothelial-associated","R36",1740,12997,1692.02623726021,13389.1167365149,2.9834923019584
"PECAM1","Endothelial-associated","R49",2969,3786,2444.83367596254,3767.05496575747,0.6234937105289
"PECAM1","Endothelial-associated","R8",2773,1783,2683.37990153298,1544.60573806823,-0.7964165052288
"VWF","Endothelial-associated","R18",1722,99500,3699.38388088413,118640.765147415,5.0027932123163
"VWF","Endothelial-associated","R23",285,45967,267.230301062121,39445.7321033189,7.20028975458832
"VWF","Endothelial-associated","R33",8582,41458,7266.62641314202,35822.6821757964,2.3013574679711
"VWF","Endothelial-associated","R36",995,33692,967.566727628684,34708.4805021666,5.16333451816114
"VWF","Endothelial-associated","R49",4186,7305,3446.97668156928,7268.44599177451,1.0760954021897
"VWF","Endothelial-associated","R8",3116,2583,3015.29454496097,2237.64252463838,-0.4301531451859
"CDH5","Endothelial-associated","R18",2968,11916,6376.17384347508,14208.2749497145,1.1558438256061
"CDH5","Endothelial-associated","R23",360,8623,337.554064499522,7399.66819515998,4.45019739068514
"CDH5","Endothelial-associated","R33",2373,5691,2009.28740135004,4917.43172035451,1.2907966030341
"CDH5","Endothelial-associated","R36",799,5081,776.970668718913,5234.29269356252,2.75048252884685
"CDH5","Endothelial-associated","R49",951,1247,783.104353600666,1240.76004815097,0.66326884563753
"CDH5","Endothelial-associated","R8",751,557,726.728563307346,482.526862649468,-0.589804395730969
"EPCAM","Epithelial-associated","R18",282,2002,605.822447392174,2387.12373693592,1.97653123012775
"EPCAM","Epithelial-associated","R23",7408,2215,6946.11252725682,1900.76134202474,-1.8690772566168
"EPCAM","Epithelial-associated","R33",9685,4392,8200.56826046149,3795.00265608804,-1.1114187987939
"EPCAM","Epithelial-associated","R36",12134,3888,11799.45193271,4005.30013630606,-1.5584997014872
"EPCAM","Epithelial-associated","R49",10944,8660,9011.87596824993,8616.66561105644,-0.0646904179830994
"EPCAM","Epithelial-associated","R8",7062,7783,6833.76446614711,6742.38163734436,-0.0194193733818988
"KRT8","Epithelial-associated","R18",17997,7465,38663.0729989963,8901.03830980353,-2.1187860091997
"KRT8","Epithelial-associated","R23",73059,9063,68503.7844396404,7777.24606897076,-3.1386879697576
"KRT8","Epithelial-associated","R33",37138,18658,31445.8135319586,16121.8487152301,-0.963807164536799
"KRT8","Epithelial-associated","R36",92359,47244,89812.5581879976,48669.3414711017,-0.883890352977899
"KRT8","Epithelial-associated","R49",15452,16164,12724.0047022476,16083.1158126,0.3379704398999
"KRT8","Epithelial-associated","R8",44709,44667,43264.0577056034,38694.8426821612,-0.1610237492518
"KRT18","Epithelial-associated","R18",21363,5404,45894.2728497837,6443.56477242844,-2.8321907297311
"KRT18","Epithelial-associated","R23",31215,4511,29268.750342646,3871.03133809192,-2.918247906129
"KRT18","Epithelial-associated","R33",18574,8777,15727.1404098928,7583.95681067503,-1.0521352354338
"KRT18","Epithelial-associated","R36",34875,20180,33913.4569106034,20788.8263247573,-0.706022684210099
"KRT18","Epithelial-associated","R49",10376,8552,8544.15433539486,8509.20603992548,-0.00591248757230112
"KRT18","Epithelial-associated","R8",27496,23603,26607.3616201049,20447.1840917691,-0.379906950961399
"ALB","Liver-associated","R18",375372,542,806414.126675515,646.264268441194,-10.2829521221464
"ALB","Liver-associated","R23",109,17,102.203869529022,14.5882360335985,-2.72696747736236
"ALB","Liver-associated","R33",6513,16,5514.74456173316,13.8251462881167,-8.53936549515368
"ALB","Liver-associated","R36",42010,115,40851.7369122422,118.469525636625,-8.4176462625869
"ALB","Liver-associated","R49",211,147,173.748705162713,146.264416261582,-0.24687289393411
"ALB","Liver-associated","R8",4653,36,4502.62051274179,31.1866553956568,-7.12847878674995
"APOA1","Liver-associated","R18",143313,278,307880.256748633,331.47872071338,-9.85489631779402
"APOA1","Liver-associated","R23",3,24,2.81295053749601,20.5951567533155,2.50172806739644
"APOA1","Liver-associated","R33",420,33,355.62608873452,28.5143642192407,-3.59492307661969
"APOA1","Liver-associated","R36",10719,228,10423.4650788461,234.87871169696,-5.46578432516917
"APOA1","Liver-associated","R49",41,54,33.7615967377784,53.7297855654789,0.65483185162238
"APOA1","Liver-associated","R8",1191,1,1152.5082808243,0.866295983212689,-9.27163483855324
"SFTPB","Lung-associated","R18",26,229651,55.855970326938,273828.847807728,12.2336802388713
"SFTPB","Lung-associated","R23",10,73071,9.37650179165338,62704.5291300632,12.5610567916442
"SFTPB","Lung-associated","R33",10,56154,8.46728782701238,48521.0790414316,12.3234025629701
"SFTPB","Lung-associated","R36",17,114,16.5312908238067,117.43935584848,2.75614441898592
"SFTPB","Lung-associated","R49",30,8361,24.7036073691062,8319.16179838832,8.33849692538758
"SFTPB","Lung-associated","R8",8,2680,7.74144940939916,2321.67323501001,8.05369797659535
"SFTPC","Lung-associated","R18",3,10798,6.44491965310823,12875.2058498672,10.7561636467287
"SFTPC","Lung-associated","R23",0,1936,0,1661.34264476745,10.6990020680682
"SFTPC","Lung-associated","R33",3,11067,2.54018634810371,9562.68087316173,11.3995249719746
"SFTPC","Lung-associated","R36",3,27,2.91728661596588,27.8145842799032,2.87887261062991
"SFTPC","Lung-associated","R49",7,366,5.76417505279144,364.168546610468,5.75450469919102
"SFTPC","Lung-associated","R8",2,96,1.93536235234979,83.1644143884182,4.84159986413575
"SCGB1A1","Lung-associated","R18",1,4832,2.14830655103608,5761.52941901817,10.8379104724111
"SCGB1A1","Lung-associated","R23",0,3596,0,3085.84098687177,11.5919154516578
"SCGB1A1","Lung-associated","R33",6,9649,5.08037269620743,8337.42728337739,10.4213998299503
"SCGB1A1","Lung-associated","R36",2,0,1.94485774397725,0,-1.55819794406745
"SCGB1A1","Lung-associated","R49",38,453,31.2912360008678,450.733201132629,3.80625638306298
"SCGB1A1","Lung-associated","R8",4,2750,3.87072470469958,2382.3139538349,8.93461685107421
