"Geneid","gene_name","group","specimen_id","patient_code","tissue","raw_count","normalized_count","log2_normalized_count_plus1","row_z_score","constant_expression"
"ENSG00000081237","PTPRC","Immune-associated","R18LIV","R18","Liver",2281,4900.28724291329,12.2589449839058,1.47846496692516,FALSE
"ENSG00000081237","PTPRC","Immune-associated","R18LUN","R18","Lung",3260,3887.12456663892,11.9248587250033,1.26929274482744,FALSE
"ENSG00000081237","PTPRC","Immune-associated","R23LIV","R23","Liver",270,253.165548374641,7.98962467897878,-1.19456689604957,FALSE
"ENSG00000081237","PTPRC","Immune-associated","R23LUN","R23","Lung",2217,1902.47760508752,10.8944218809772,0.624133721812419,FALSE
"ENSG00000081237","PTPRC","Immune-associated","R33LIV","R33","Liver",1082,916.16054288274,9.84103047991818,-0.035397205385691,FALSE
"ENSG00000081237","PTPRC","Immune-associated","R33LUN","R33","Lung",2362,2040.93722078323,10.9957227960017,0.687558471952764,FALSE
"ENSG00000081237","PTPRC","Immune-associated","R36LIV","R36","Liver",209,203.237634245623,7.67410492149905,-1.39211458629152,FALSE
"ENSG00000081237","PTPRC","Immune-associated","R36LUN","R36","Lung",2754,2837.08759655012,11.4707034030099,0.984944989277943,FALSE
"ENSG00000081237","PTPRC","Immune-associated","R49LIV","R49","Liver",390,321.14689579838,8.33157488281791,-0.980471038833645,FALSE
"ENSG00000081237","PTPRC","Immune-associated","R49LUN","R49","Lung",419,416.903336146957,8.70702546560054,-0.745400512597375,FALSE
"ENSG00000081237","PTPRC","Immune-associated","R8LIV","R8","Liver",454,439.327253983402,8.78243233218681,-0.698188089383406,FALSE
"ENSG00000081237","PTPRC","Immune-associated","R8LUN","R8","Lung",1102,954.658173500384,9.90035086699513,0.00174343374548229,FALSE
"ENSG00000167286","CD3D","Immune-associated","R18LIV","R18","Liver",51,109.56363410284,6.78873313116328,0.735919185374068,FALSE
"ENSG00000167286","CD3D","Immune-associated","R18LUN","R18","Lung",53,63.1955834453566,6.00440214051127,0.306873781693192,FALSE
"ENSG00000167286","CD3D","Immune-associated","R23LIV","R23","Liver",10,9.37650179165338,3.3752482477879,-1.13132821043378,FALSE
"ENSG00000167286","CD3D","Immune-associated","R23LUN","R23","Lung",145,124.429072051281,6.97072796569098,0.835474154103354,FALSE
"ENSG00000167286","CD3D","Immune-associated","R33LIV","R33","Liver",101,85.519607052825,6.43495520789613,0.542395285756946,FALSE
"ENSG00000167286","CD3D","Immune-associated","R33LUN","R33","Lung",172,148.620322597255,7.22516233638396,0.974655059340196,FALSE
"ENSG00000167286","CD3D","Immune-associated","R36LIV","R36","Liver",35,34.035010519602,5.13072542430213,-0.171045596554153,FALSE
"ENSG00000167286","CD3D","Immune-associated","R36LUN","R36","Lung",144,148.344449492817,7.22249980949245,0.973198601621972,FALSE
"ENSG00000167286","CD3D","Immune-associated","R49LIV","R49","Liver",4,3.29381431588082,2.10225980383057,-1.82767942864171,FALSE
"ENSG00000167286","CD3D","Immune-associated","R49LUN","R49","Lung",6,5.9699761739421,2.80115372441589,-1.44536988348608,FALSE
"ENSG00000167286","CD3D","Immune-associated","R8LIV","R8","Liver",23,22.2566670520226,4.53957245171339,-0.494418596963894,FALSE
"ENSG00000167286","CD3D","Immune-associated","R8LUN","R8","Lung",121,104.821813968735,6.72549324313034,0.701325648189883,FALSE
"ENSG00000105369","CD79A","Immune-associated","R18LIV","R18","Liver",6,12.8898393062165,3.79595800353239,-1.27014255149814,FALSE
"ENSG00000105369","CD79A","Immune-associated","R18LUN","R18","Lung",25,29.8092374742248,4.94529107113779,-0.367085139053063,FALSE
"ENSG00000105369","CD79A","Immune-associated","R23LIV","R23","Liver",13,12.1894523291494,3.7213127551232,-1.32879303914153,FALSE
"ENSG00000105369","CD79A","Immune-associated","R23LUN","R23","Lung",193,165.619385557912,7.38041245255049,1.54624570965375,FALSE
"ENSG00000105369","CD79A","Immune-associated","R33LIV","R33","Liver",50,42.3364391350619,5.43750870994239,0.0196615750085256,FALSE
"ENSG00000105369","CD79A","Immune-associated","R33LUN","R33","Lung",283,244.532274971064,7.93976886759469,1.98574490361395,FALSE
"ENSG00000105369","CD79A","Immune-associated","R36LIV","R36","Liver",31,30.1452950316474,4.96094233366837,-0.354787582286672,FALSE
"ENSG00000105369","CD79A","Immune-associated","R36LUN","R36","Lung",53,54.5989987716618,5.79698699797708,0.302111929716533,FALSE
"ENSG00000105369","CD79A","Immune-associated","R49LIV","R49","Liver",36,29.6443288429274,4.9375482028259,-0.373168888681191,FALSE
"ENSG00000105369","CD79A","Immune-associated","R49LUN","R49","Lung",75,74.6247021742763,6.24078565054158,0.6508147332185,FALSE
"ENSG00000105369","CD79A","Immune-associated","R8LIV","R8","Liver",26,25.1597105805473,4.70927467447263,-0.552528647531514,FALSE
"ENSG00000105369","CD79A","Immune-associated","R8LUN","R8","Lung",38,32.9192473620822,5.08403225302437,-0.258073003019151,FALSE
"ENSG00000204482","LST1","Immune-associated","R18LIV","R18","Liver",462,992.517626578668,9.95640175317524,1.51422735319471,FALSE
"ENSG00000204482","LST1","Immune-associated","R18LUN","R18","Lung",528,629.571095455628,9.30051523008053,1.09939289241088,FALSE
"ENSG00000204482","LST1","Immune-associated","R23LIV","R23","Liver",98,91.8897175582031,6.53744700098067,-0.648189774053019,FALSE
"ENSG00000204482","LST1","Immune-associated","R23LUN","R23","Lung",508,435.930817945178,8.7712610564373,0.764650735025245,FALSE
"ENSG00000204482","LST1","Immune-associated","R33LIV","R33","Liver",145,122.77567349168,6.95158398912903,-0.386256820531487,FALSE
"ENSG00000204482","LST1","Immune-associated","R33LUN","R33","Lung",444,383.647809495239,8.58739428223658,0.648358859150545,FALSE
"ENSG00000204482","LST1","Immune-associated","R36LIV","R36","Liver",47,45.7041569834655,5.54547906007979,-1.2755886782672,FALSE
"ENSG00000204482","LST1","Immune-associated","R36LUN","R36","Lung",687,707.726644455314,9.46908547770094,1.20601003625134,FALSE
"ENSG00000204482","LST1","Immune-associated","R49LIV","R49","Liver",143,117.753861792739,6.89183061941742,-0.42404957283165,FALSE
"ENSG00000204482","LST1","Immune-associated","R49LUN","R49","Lung",146,145.269420232591,7.19248437421932,-0.233892382732057,FALSE
"ENSG00000204482","LST1","Immune-associated","R8LIV","R8","Liver",47,45.4810152802201,5.53856967661908,-1.27995871829905,FALSE
"ENSG00000204482","LST1","Immune-associated","R8LUN","R8","Lung",73,63.2396067745263,6.00539115669998,-0.984703929318255,FALSE
"ENSG00000108821","COL1A1","Stroma / ECM-associated","R18LIV","R18","Liver",8528,18320.7582672357,14.1612703394091,-1.10092117378588,FALSE
"ENSG00000108821","COL1A1","Stroma / ECM-associated","R18LUN","R18","Lung",21586,25738.4880047447,14.6516957361243,-0.727105019457606,FALSE
"ENSG00000108821","COL1A1","Stroma / ECM-associated","R23LIV","R23","Liver",38673,36261.7453788611,15.14620053228,-0.350179431113414,FALSE
"ENSG00000108821","COL1A1","Stroma / ECM-associated","R23LUN","R23","Lung",62979,54044.265715294,15.7218806251095,0.0886202718918132,FALSE
"ENSG00000108821","COL1A1","Stroma / ECM-associated","R33LIV","R33","Liver",94232,79788.9466515031,16.2839193612137,0.517022145696074,FALSE
"ENSG00000108821","COL1A1","Stroma / ECM-associated","R33LUN","R33","Lung",163785,141521.97404995,17.1106767455684,1.14720008519916,FALSE
"ENSG00000108821","COL1A1","Stroma / ECM-associated","R36LIV","R36","Liver",37826,36783.0945118418,15.1667944575361,-0.334482156883094,FALSE
"ENSG00000108821","COL1A1","Stroma / ECM-associated","R36LUN","R36","Lung",483221,497799.675197003,18.9252086615712,2.53028780310528,FALSE
"ENSG00000108821","COL1A1","Stroma / ECM-associated","R49LIV","R49","Liver",42181,34734.0954145423,15.0841064398543,-0.397509310423368,FALSE
"ENSG00000108821","COL1A1","Stroma / ECM-associated","R49LUN","R49","Lung",29662,29513.5722119118,14.849139810875,-0.576607542751572,FALSE
"ENSG00000108821","COL1A1","Stroma / ECM-associated","R8LIV","R8","Liver",48622,47050.5941479757,15.5219559830647,-0.0637679635975958,FALSE
"ENSG00000108821","COL1A1","Stroma / ECM-associated","R8LUN","R8","Lung",29564,25611.1744476999,14.6445421210339,-0.732557707879801,FALSE
"ENSG00000164692","COL1A2","Stroma / ECM-associated","R18LIV","R18","Liver",7449,16002.7354986677,13.966121069437,-0.879170321618438,FALSE
"ENSG00000164692","COL1A2","Stroma / ECM-associated","R18LUN","R18","Lung",24480,29189.2053347609,14.8331967388788,-0.125879050798625,FALSE
"ENSG00000164692","COL1A2","Stroma / ECM-associated","R23LIV","R23","Liver",19185,17988.818687287,14.1348930258237,-0.732545931169195,FALSE
"ENSG00000164692","COL1A2","Stroma / ECM-associated","R23LUN","R23","Lung",56604,48573.6772026946,15.5679167881317,0.512425331510652,FALSE
"ENSG00000164692","COL1A2","Stroma / ECM-associated","R33LIV","R33","Liver",55990,47408.3445434423,15.532883826812,0.481989667262247,FALSE
"ENSG00000164692","COL1A2","Stroma / ECM-associated","R33LUN","R33","Lung",99064,85598.3932428746,16.3853129499072,1.22255642521725,FALSE
"ENSG00000164692","COL1A2","Stroma / ECM-associated","R36LIV","R36","Liver",16863,16398.0680683442,14.0013262107721,-0.848585072152521,FALSE
"ENSG00000164692","COL1A2","Stroma / ECM-associated","R36LUN","R36","Lung",203607,209749.78005475,17.678316650437,2.34588214530552,FALSE
"ENSG00000164692","COL1A2","Stroma / ECM-associated","R49LIV","R49","Liver",27053,22276.889671881,14.4433249558491,-0.464588832707648,FALSE
"ENSG00000164692","COL1A2","Stroma / ECM-associated","R49LUN","R49","Lung",27476,27338.5108925389,14.7386998127194,-0.207975356927226,FALSE
"ENSG00000164692","COL1A2","Stroma / ECM-associated","R8LIV","R8","Liver",27708,26812.510029454,14.710672467599,-0.232324736303861,FALSE
"ENSG00000164692","COL1A2","Stroma / ECM-associated","R8LUN","R8","Lung",15841,13722.9946700722,13.7444128502646,-1.07178426761817,FALSE
"ENSG00000011465","DCN","Stroma / ECM-associated","R18LIV","R18","Liver",6157,13227.1234347291,13.6913207923805,0.0619819862510195,FALSE
"ENSG00000011465","DCN","Stroma / ECM-associated","R18LUN","R18","Lung",40239,47979.7562690133,15.550168277009,1.15670532454567,FALSE
"ENSG00000011465","DCN","Stroma / ECM-associated","R23LIV","R23","Liver",2498,2342.25014755501,11.1942952582288,-1.40858090347408,FALSE
"ENSG00000011465","DCN","Stroma / ECM-associated","R23LUN","R23","Lung",77338,66366.1763744964,16.0181822748866,1.43233086691103,FALSE
"ENSG00000011465","DCN","Stroma / ECM-associated","R33LIV","R33","Liver",31162,26385.762326536,14.6875267214222,0.648673411603479,FALSE
"ENSG00000011465","DCN","Stroma / ECM-associated","R33LUN","R33","Lung",45464,39284.1531776836,15.2616965652169,0.986816875951588,FALSE
"ENSG00000011465","DCN","Stroma / ECM-associated","R36LIV","R36","Liver",5023,4884.51022399888,12.2542935242752,-0.78432052171135,FALSE
"ENSG00000011465","DCN","Stroma / ECM-associated","R36LUN","R36","Lung",33994,35019.5917781862,15.095915842197,0.889184322431183,FALSE
"ENSG00000011465","DCN","Stroma / ECM-associated","R49LIV","R49","Liver",8182,6737.49718313423,12.7182111626884,-0.511107431332946,FALSE
"ENSG00000011465","DCN","Stroma / ECM-associated","R49LUN","R49","Lung",9145,9099.23868511676,13.1516886701183,-0.255821321023505,FALSE
"ENSG00000011465","DCN","Stroma / ECM-associated","R8LIV","R8","Liver",2917,2822.72599090217,11.4633843836302,-1.25010736108062,FALSE
"ENSG00000011465","DCN","Stroma / ECM-associated","R8LUN","R8","Lung",4554,3945.11190755059,11.9462161546057,-0.96575524907146,FALSE
"ENSG00000139329","LUM","Stroma / ECM-associated","R18LIV","R18","Liver",937,2012.96323832081,10.9758216341556,-1.11779936383604,FALSE
"ENSG00000139329","LUM","Stroma / ECM-associated","R18LUN","R18","Lung",29510,35186.823914575,15.1027886772482,1.29025778811839,FALSE
"ENSG00000139329","LUM","Stroma / ECM-associated","R23LIV","R23","Liver",2575,2414.44921135074,11.2380758028004,-0.9647758432116,FALSE
"ENSG00000139329","LUM","Stroma / ECM-associated","R23LUN","R23","Lung",49416,42405.4277550766,15.3719953374402,1.44733804019219,FALSE
"ENSG00000139329","LUM","Stroma / ECM-associated","R33LIV","R33","Liver",16130,13657.735264971,13.7375362825458,0.493642317493682,FALSE
"ENSG00000139329","LUM","Stroma / ECM-associated","R33LUN","R33","Lung",25579,22102.0885564836,14.43196035703,0.898834033732303,FALSE
"ENSG00000139329","LUM","Stroma / ECM-associated","R36LIV","R36","Liver",3560,3461.84678427951,11.7577428407071,-0.661553667168125,FALSE
"ENSG00000139329","LUM","Stroma / ECM-associated","R36LUN","R36","Lung",24891,25641.9561967063,14.6462749692941,1.02388514982848,FALSE
"ENSG00000139329","LUM","Stroma / ECM-associated","R49LIV","R49","Liver",2900,2388.0153790136,11.2222004256707,-0.974039017605272,FALSE
"ENSG00000139329","LUM","Stroma / ECM-associated","R49LUN","R49","Lung",10568,10515.11803437,13.3603146197185,0.273536047305787,FALSE
"ENSG00000139329","LUM","Stroma / ECM-associated","R8LIV","R8","Liver",3351,3242.69962136207,11.6634245114812,-0.716587769665523,FALSE
"ENSG00000139329","LUM","Stroma / ECM-associated","R8LUN","R8","Lung",2696,2335.53397074141,11.1901542972827,-0.99273771518428,FALSE
"ENSG00000261371","PECAM1","Endothelial-associated","R18LIV","R18","Liver",4855,10430.0283052802,13.3485937673018,0.483429550847973,FALSE
"ENSG00000261371","PECAM1","Endothelial-associated","R18LUN","R18","Lung",56261,67083.9003814945,16.0337004575075,1.92378143755593,FALSE
"ENSG00000261371","PECAM1","Endothelial-associated","R23LIV","R23","Liver",804,753.870744048932,9.56008582377025,-1.54881169460355,FALSE
"ENSG00000261371","PECAM1","Endothelial-associated","R23LUN","R23","Lung",22073,18941.5372923305,14.2093419676891,0.945154330325279,FALSE
"ENSG00000261371","PECAM1","Endothelial-associated","R33LIV","R33","Liver",8077,6839.0283778779,12.7397865952321,0.156851630450808,FALSE
"ENSG00000261371","PECAM1","Endothelial-associated","R33LUN","R33","Lung",17972,15529.0955681271,13.9227790872681,0.791435527649656,FALSE
"ENSG00000261371","PECAM1","Endothelial-associated","R36LIV","R36","Liver",1740,1692.02623726021,10.7253886158826,-0.923716952064109,FALSE
"ENSG00000261371","PECAM1","Endothelial-associated","R36LUN","R36","Lung",12997,13389.1167365149,13.708880917841,0.676695717488091,FALSE
"ENSG00000261371","PECAM1","Endothelial-associated","R49LIV","R49","Liver",2969,2444.83367596254,11.2561105842663,-0.639025698913094,FALSE
"ENSG00000261371","PECAM1","Endothelial-associated","R49LUN","R49","Lung",3786,3767.05496575747,11.8796042947952,-0.30456958750916,FALSE
"ENSG00000261371","PECAM1","Endothelial-associated","R8LIV","R8","Liver",2773,2683.37990153298,11.390373145199,-0.567004228161473,FALSE
"ENSG00000261371","PECAM1","Endothelial-associated","R8LUN","R8","Lung",1783,1544.60573806823,10.5939566399702,-0.994220033066347,FALSE
"ENSG00000110799","VWF","Endothelial-associated","R18LIV","R18","Liver",1722,3699.38388088413,11.8534592295442,-0.331133943605551,FALSE
"ENSG00000110799","VWF","Endothelial-associated","R18LUN","R18","Lung",99500,118640.765147415,16.8562524418605,1.65124366200479,FALSE
"ENSG00000110799","VWF","Endothelial-associated","R23LIV","R23","Liver",285,267.230301062121,8.06732841256068,-1.83140401773561,FALSE
"ENSG00000110799","VWF","Endothelial-associated","R23LUN","R23","Lung",45967,39445.7321033189,15.267618167149,1.02174072713633,FALSE
"ENSG00000110799","VWF","Endothelial-associated","R33LIV","R33","Liver",8582,7266.62641314202,12.827268545489,0.054742045694006,FALSE
"ENSG00000110799","VWF","Endothelial-associated","R33LUN","R33","Lung",41458,35822.6821757964,15.1286260134601,0.966664508485106,FALSE
"ENSG00000110799","VWF","Endothelial-associated","R36LIV","R36","Liver",995,967.566727628684,9.91970763385656,-1.09739105146819,FALSE
"ENSG00000110799","VWF","Endothelial-associated","R36LUN","R36","Lung",33692,34708.4805021666,15.0830421520177,0.948601713909043,FALSE
"ENSG00000110799","VWF","Endothelial-associated","R49LIV","R49","Liver",4186,3446.97668156928,11.7515343022741,-0.371522119710091,FALSE
"ENSG00000110799","VWF","Endothelial-associated","R49LUN","R49","Lung",7305,7268.44599177451,12.8276297044638,0.0548851564390154,FALSE
"ENSG00000110799","VWF","Endothelial-associated","R8LIV","R8","Liver",3116,3015.29454496097,11.5585616011354,-0.447988354670551,FALSE
"ENSG00000110799","VWF","Endothelial-associated","R8LUN","R8","Lung",2583,2237.64252463838,11.1284084559495,-0.61843832647829,FALSE
"ENSG00000179776","CDH5","Endothelial-associated","R18LIV","R18","Liver",2968,6376.17384347508,12.6387014946508,0.955838653503578,FALSE
"ENSG00000179776","CDH5","Endothelial-associated","R18LUN","R18","Lung",11916,14208.2749497145,13.7945453202569,1.60375475630245,FALSE
"ENSG00000179776","CDH5","Endothelial-associated","R23LIV","R23","Liver",360,337.554064499522,8.40324242935676,-1.4183766776293,FALSE
"ENSG00000179776","CDH5","Endothelial-associated","R23LUN","R23","Lung",8623,7399.66819515998,12.8534398200419,1.07621167953592,FALSE
"ENSG00000179776","CDH5","Endothelial-associated","R33LIV","R33","Liver",2373,2009.28740135004,10.9731860561469,0.0222226682290473,FALSE
"ENSG00000179776","CDH5","Endothelial-associated","R33LUN","R33","Lung",5691,4917.43172035451,12.263982659181,0.745787466531502,FALSE
"ENSG00000179776","CDH5","Endothelial-associated","R36LIV","R36","Liver",799,776.970668718913,9.60357195309485,-0.745523814754904,FALSE
"ENSG00000179776","CDH5","Endothelial-associated","R36LUN","R36","Lung",5081,5234.29269356252,12.3540544819417,0.796277838225574,FALSE
"ENSG00000179776","CDH5","Endothelial-associated","R49LIV","R49","Liver",951,783.104353600666,9.61490185993617,-0.739172758562818,FALSE
"ENSG00000179776","CDH5","Endothelial-associated","R49LUN","R49","Lung",1247,1240.76004815097,10.2781707055737,-0.367372904592073,FALSE
"ENSG00000179776","CDH5","Endothelial-associated","R8LIV","R8","Liver",751,726.728563307346,9.50725662729599,-0.799514024460502,FALSE
"ENSG00000179776","CDH5","Endothelial-associated","R8LUN","R8","Lung",557,482.526862649468,8.91745223156502,-1.13013288232847,FALSE
"ENSG00000119888","EPCAM","Epithelial-associated","R18LIV","R18","Liver",282,605.822447392174,9.24513064408475,-2.40026865173174,FALSE
"ENSG00000119888","EPCAM","Epithelial-associated","R18LUN","R18","Lung",2002,2387.12373693592,11.2216618742125,-0.78457295947407,FALSE
"ENSG00000119888","EPCAM","Epithelial-associated","R23LIV","R23","Liver",7408,6946.11252725682,12.7621977505264,0.474722689989526,FALSE
"ENSG00000119888","EPCAM","Epithelial-associated","R23LUN","R23","Lung",2215,1900.76134202474,10.8931204939096,-1.05313582597099,FALSE
"ENSG00000119888","EPCAM","Epithelial-associated","R33LIV","R33","Liver",9685,8200.56826046149,13.0016840852786,0.670488399893683,FALSE
"ENSG00000119888","EPCAM","Epithelial-associated","R33LUN","R33","Lung",4392,3795.00265608804,11.8902652864847,-0.238029784961627,FALSE
"ENSG00000119888","EPCAM","Epithelial-associated","R36LIV","R36","Liver",12134,11799.45193271,13.5265544924073,1.09953846642695,FALSE
"ENSG00000119888","EPCAM","Epithelial-associated","R36LUN","R36","Lung",3888,4005.30013630606,11.9680547909201,-0.174441532318065,FALSE
"ENSG00000119888","EPCAM","Epithelial-associated","R49LIV","R49","Liver",10944,9011.87596824993,13.1377718216748,0.781731959374543,FALSE
"ENSG00000119888","EPCAM","Epithelial-associated","R49LUN","R49","Lung",8660,8616.66561105644,13.0730814036917,0.728851423983836,FALSE
"ENSG00000119888","EPCAM","Epithelial-associated","R8LIV","R8","Liver",7062,6833.76446614711,12.7386759064179,0.45549499369979,FALSE
"ENSG00000119888","EPCAM","Epithelial-associated","R8LUN","R8","Lung",7783,6742.38163734436,12.719256533036,0.43962082108815,FALSE
"ENSG00000170421","KRT8","Epithelial-associated","R18LIV","R18","Liver",17997,38663.0729989963,15.2387060032843,0.456562863842548,FALSE
"ENSG00000170421","KRT8","Epithelial-associated","R18LUN","R18","Lung",7465,8901.03830980353,13.1199199940846,-1.37894000220927,FALSE
"ENSG00000170421","KRT8","Epithelial-associated","R23LIV","R23","Liver",73059,68503.7844396404,16.0639171303423,1.17144269702821,FALSE
"ENSG00000170421","KRT8","Epithelial-associated","R23LUN","R23","Lung",9063,7777.24606897076,12.9252291605847,-1.54760053769109,FALSE
"ENSG00000170421","KRT8","Epithelial-associated","R33LIV","R33","Liver",37138,31445.8135319586,14.9406262174953,0.198336549928695,FALSE
"ENSG00000170421","KRT8","Epithelial-associated","R33LUN","R33","Lung",18658,16121.8487152301,13.9768190529585,-0.636608935432871,FALSE
"ENSG00000170421","KRT8","Epithelial-associated","R36LIV","R36","Liver",92359,89812.5581879976,16.4546456291273,1.50993052744336,FALSE
"ENSG00000170421","KRT8","Epithelial-associated","R36LUN","R36","Lung",47244,48669.3414711017,15.5707552761494,0.744216921103595,FALSE
"ENSG00000170421","KRT8","Epithelial-associated","R49LIV","R49","Liver",15452,12724.0047022476,13.635378568967,-0.932398592449347,FALSE
"ENSG00000170421","KRT8","Epithelial-associated","R49LUN","R49","Lung",16164,16083.1158126,13.9733490088669,-0.639615032248561,FALSE
"ENSG00000170421","KRT8","Epithelial-associated","R8LIV","R8","Liver",44709,43264.0577056034,15.400914706437,0.597084152090863,FALSE
"ENSG00000170421","KRT8","Epithelial-associated","R8LUN","R8","Lung",44667,38694.8426821612,15.2398909571852,0.457589388593878,FALSE
"ENSG00000111057","KRT18","Epithelial-associated","R18LIV","R18","Liver",21363,45894.2728497837,15.4860579452282,1.46609563517309,FALSE
"ENSG00000111057","KRT18","Epithelial-associated","R18LUN","R18","Lung",5404,6443.56477242844,12.6538672154971,-1.07890570024772,FALSE
"ENSG00000111057","KRT18","Epithelial-associated","R23LIV","R23","Liver",31215,29268.750342646,14.837122819831,0.882963735403739,FALSE
"ENSG00000111057","KRT18","Epithelial-associated","R23LUN","R23","Lung",4511,3871.03133809192,11.918874913702,-1.73936841907394,FALSE
"ENSG00000111057","KRT18","Epithelial-associated","R33LIV","R33","Liver",18574,15727.1404098928,13.9410604857755,0.0777637844074066,FALSE
"ENSG00000111057","KRT18","Epithelial-associated","R33LUN","R33","Lung",8777,7583.95681067503,12.8889252503417,-0.86768298621894,FALSE
"ENSG00000111057","KRT18","Epithelial-associated","R36LIV","R36","Liver",34875,33913.4569106034,15.0496127699377,1.07390681035561,FALSE
"ENSG00000111057","KRT18","Epithelial-associated","R36LUN","R36","Lung",20180,20788.8263247573,14.3435900857276,0.439476136146421,FALSE
"ENSG00000111057","KRT18","Epithelial-associated","R49LIV","R49","Liver",10376,8544.15433539486,13.060890833544,-0.713155032186108,FALSE
"ENSG00000111057","KRT18","Epithelial-associated","R49LUN","R49","Lung",8552,8509.20603992548,13.0549783459717,-0.718467982549609,FALSE
"ENSG00000111057","KRT18","Epithelial-associated","R8LIV","R8","Liver",27496,26607.3616201049,14.6995920603223,0.759378850057921,FALSE
"ENSG00000111057","KRT18","Epithelial-associated","R8LUN","R8","Lung",23603,20447.1840917691,14.3196851093609,0.417995168732128,FALSE
"ENSG00000163631","ALB","Liver-associated","R18LIV","R18","Liver",375372,806414.126675515,19.6211631754957,2.16409514127022,FALSE
"ENSG00000163631","ALB","Liver-associated","R18LUN","R18","Lung",542,646.264268441194,9.33821105334926,0.0364302446013311,FALSE
"ENSG00000163631","ALB","Liver-associated","R23LIV","R23","Liver",109,102.203869529022,6.68935325400171,-0.511649887348456,FALSE
"ENSG00000163631","ALB","Liver-associated","R23LUN","R23","Lung",17,14.5882360335985,3.96238577663935,-1.07589183917527,FALSE
"ENSG00000163631","ALB","Liver-associated","R33LIV","R33","Liver",6513,5514.74456173316,12.4293399307718,0.676021514253045,FALSE
"ENSG00000163631","ALB","Liver-associated","R33LUN","R33","Lung",16,13.8251462881167,3.88997443561812,-1.09087460546471,FALSE
"ENSG00000163631","ALB","Liver-associated","R36LIV","R36","Liver",42010,40851.7369122422,15.3181451139168,1.27374960911163,FALSE
"ENSG00000163631","ALB","Liver-associated","R36LUN","R36","Lung",115,118.469525636625,6.9004988513299,-0.467961356060459,FALSE
"ENSG00000163631","ALB","Liver-associated","R49LIV","R49","Liver",211,173.748705162713,7.44913795546269,-0.354441410724028,FALSE
"ENSG00000163631","ALB","Liver-associated","R49LUN","R49","Lung",147,146.264416261582,7.20226506152858,-0.405522343915519,FALSE
"ENSG00000163631","ALB","Liver-associated","R8LIV","R8","Liver",4653,4502.62051274179,12.1368695518113,0.615505919972545,FALSE
"ENSG00000163631","ALB","Liver-associated","R8LUN","R8","Lung",36,31.1866553956568,5.00839076506135,-0.859460986520336,FALSE
"ENSG00000118137","APOA1","Liver-associated","R18LIV","R18","Liver",143313,307880.256748633,18.2320145158407,2.22478650008052,FALSE
"ENSG00000118137","APOA1","Liver-associated","R18LUN","R18","Lung",278,331.47872071338,8.37711819804668,0.189265728510955,FALSE
"ENSG00000118137","APOA1","Liver-associated","R23LIV","R23","Liver",3,2.81295053749601,1.93090781620118,-1.14219375183506,FALSE
"ENSG00000118137","APOA1","Liver-associated","R23LUN","R23","Lung",24,20.5951567533155,4.43263588359762,-0.625463866325319,FALSE
"ENSG00000118137","APOA1","Liver-associated","R33LIV","R33","Liver",420,355.62608873452,8.47826843595465,0.210158227393883,FALSE
"ENSG00000118137","APOA1","Liver-associated","R33LUN","R33","Lung",33,28.5143642192407,4.88334535933496,-0.532370192863726,FALSE
"ENSG00000118137","APOA1","Liver-associated","R36LIV","R36","Liver",10719,10423.4650788461,13.3476857346442,1.21593238648128,FALSE
"ENSG00000118137","APOA1","Liver-associated","R36LUN","R36","Lung",228,234.87871169696,7.88190140947503,0.0869791059974874,FALSE
"ENSG00000118137","APOA1","Liver-associated","R49LIV","R49","Liver",41,33.7615967377784,5.11942244725737,-0.483608663501915,FALSE
"ENSG00000118137","APOA1","Liver-associated","R49LUN","R49","Lung",54,53.7297855654789,5.77425429887975,-0.348353680305796,FALSE
"ENSG00000118137","APOA1","Liver-associated","R8LIV","R8","Liver",1191,1152.5082808243,10.1718126455631,0.559958398300308,FALSE
"ENSG00000118137","APOA1","Liver-associated","R8LUN","R8","Lung",1,0.866295983212689,0.900177807009858,-1.35509019193263,FALSE
"ENSG00000168878","SFTPB","Lung-associated","R18LIV","R18","Liver",26,55.855970326938,5.8292399463587,-0.518747974547046,FALSE
"ENSG00000168878","SFTPB","Lung-associated","R18LUN","R18","Lung",229651,273828.847807728,18.06292018523,1.65103156392209,FALSE
"ENSG00000168878","SFTPB","Lung-associated","R23LIV","R23","Liver",10,9.37650179165338,3.3752482477879,-0.953990752776086,FALSE
"ENSG00000168878","SFTPB","Lung-associated","R23LUN","R23","Lung",73071,62704.5291300632,15.9363050394321,1.27385266603906,FALSE
"ENSG00000168878","SFTPB","Lung-associated","R33LIV","R33","Liver",10,8.46728782701238,3.24295118398959,-0.977455111531927,FALSE
"ENSG00000168878","SFTPB","Lung-associated","R33LUN","R33","Lung",56154,48521.0790414316,15.5663537469597,1.20823768109887,FALSE
"ENSG00000168878","SFTPB","Lung-associated","R36LIV","R36","Liver",17,16.5312908238067,4.13186032010882,-0.819797169077178,FALSE
"ENSG00000168878","SFTPB","Lung-associated","R36LUN","R36","Lung",114,117.43935584848,6.88800473909474,-0.330964238298099,FALSE
"ENSG00000168878","SFTPB","Lung-associated","R49LIV","R49","Liver",30,24.7036073691062,4.68389894334552,-0.72188696660697,FALSE
"ENSG00000168878","SFTPB","Lung-associated","R49LUN","R49","Lung",8361,8319.16179838832,13.0223958687331,0.757038398207299,FALSE
"ENSG00000168878","SFTPB","Lung-associated","R8LIV","R8","Liver",8,7.74144940939916,3.12787251112005,-0.997865596752323,FALSE
"ENSG00000168878","SFTPB","Lung-associated","R8LUN","R8","Lung",2680,2321.67323501001,11.1815704877154,0.430547500322309,FALSE
"ENSG00000168484","SFTPC","Lung-associated","R18LIV","R18","Liver",3,6.44491965310823,2.89625627907094,-0.588011237480575,FALSE
"ENSG00000168484","SFTPC","Lung-associated","R18LUN","R18","Lung",10798,12875.2058498672,13.6524199257996,1.67234865877593,FALSE
"ENSG00000168484","SFTPC","Lung-associated","R23LIV","R23","Liver",0,0,0,-1.19664659833101,FALSE
"ENSG00000168484","SFTPC","Lung-associated","R23LUN","R23","Lung",1936,1661.34264476745,10.6990020680682,1.05170104669408,FALSE
"ENSG00000168484","SFTPC","Lung-associated","R33LIV","R33","Liver",3,2.54018634810371,1.82382530279678,-0.813377831917857,FALSE
"ENSG00000168484","SFTPC","Lung-associated","R33LUN","R33","Lung",11067,9562.68087316173,13.2233502747714,1.58218158213613,FALSE
"ENSG00000168484","SFTPC","Lung-associated","R36LIV","R36","Liver",3,2.91728661596588,1.96985468976555,-0.782690406473234,FALSE
"ENSG00000168484","SFTPC","Lung-associated","R36LUN","R36","Lung",27,27.8145842799032,4.84872730039546,-0.177708146141203,FALSE
"ENSG00000168484","SFTPC","Lung-associated","R49LIV","R49","Liver",7,5.76417505279144,2.75791399631297,-0.617083252203759,FALSE
"ENSG00000168484","SFTPC","Lung-associated","R49LUN","R49","Lung",366,364.168546610468,8.51241869550399,0.592200287176659,FALSE
"ENSG00000168484","SFTPC","Lung-associated","R8LIV","R8","Liver",2,1.93536235234979,1.55353860611924,-0.870177377715709,FALSE
"ENSG00000168484","SFTPC","Lung-associated","R8LUN","R8","Lung",96,83.1644143884182,6.39513847025499,0.147263275480549,FALSE
"ENSG00000149021","SCGB1A1","Lung-associated","R18LIV","R18","Liver",1,2.14830655103608,1.65457602309679,-0.811640265944437,FALSE
"ENSG00000149021","SCGB1A1","Lung-associated","R18LUN","R18","Lung",4832,5761.52941901817,12.4924864955079,1.28245872339593,FALSE
"ENSG00000149021","SCGB1A1","Lung-associated","R23LIV","R23","Liver",0,0,0,-1.13133712878289,FALSE
"ENSG00000149021","SCGB1A1","Lung-associated","R23LUN","R23","Lung",3596,3085.84098687177,11.5919154516578,1.10845055848663,FALSE
"ENSG00000149021","SCGB1A1","Lung-associated","R33LIV","R33","Liver",6,5.08037269620743,2.60415975631543,-0.628161878566246,FALSE
"ENSG00000149021","SCGB1A1","Lung-associated","R33LUN","R33","Lung",9649,8337.42728337739,13.0255595862657,1.38545900407201,FALSE
"ENSG00000149021","SCGB1A1","Lung-associated","R36LIV","R36","Liver",2,1.94485774397725,1.55819794406745,-0.830262419947616,FALSE
"ENSG00000149021","SCGB1A1","Lung-associated","R36LUN","R36","Lung",0,0,0,-1.13133712878289,FALSE
"ENSG00000149021","SCGB1A1","Lung-associated","R49LIV","R49","Liver",38,31.2912360008678,5.01307075845292,-0.162712555301557,FALSE
"ENSG00000149021","SCGB1A1","Lung-associated","R49LUN","R49","Lung",453,450.733201132629,8.8193271415159,0.572731575302088,FALSE
"ENSG00000149021","SCGB1A1","Lung-associated","R8LIV","R8","Liver",4,3.87072470469958,2.28413644378429,-0.689996721827109,FALSE
"ENSG00000149021","SCGB1A1","Lung-associated","R8LUN","R8","Lung",2750,2382.3139538349,11.2187532948585,1.03634823789608,FALSE
