"pathway","mapped_genes","genes_in_rank_universe","eligible"
"HALLMARK_ADIPOGENESIS",200,196,TRUE
"HALLMARK_ALLOGRAFT_REJECTION",200,187,TRUE
"HALLMARK_ANDROGEN_RESPONSE",101,99,TRUE
"HALLMARK_ANGIOGENESIS",36,35,TRUE
"HALLMARK_APICAL_JUNCTION",200,191,TRUE
"HALLMARK_APICAL_SURFACE",44,42,TRUE
"HALLMARK_APOPTOSIS",161,158,TRUE
"HALLMARK_BILE_ACID_METABOLISM",112,100,TRUE
"HALLMARK_CHOLESTEROL_HOMEOSTASIS",74,74,TRUE
"HALLMARK_COAGULATION",138,127,TRUE
"HALLMARK_COMPLEMENT",200,193,TRUE
"HALLMARK_DNA_REPAIR",150,150,TRUE
"HALLMARK_E2F_TARGETS",200,200,TRUE
"HALLMARK_EPITHELIAL_MESENCHYMAL_TRANSITION",200,198,TRUE
"HALLMARK_ESTROGEN_RESPONSE_EARLY",200,198,TRUE
"HALLMARK_ESTROGEN_RESPONSE_LATE",200,196,TRUE
"HALLMARK_FATTY_ACID_METABOLISM",158,149,TRUE
"HALLMARK_G2M_CHECKPOINT",200,199,TRUE
"HALLMARK_GLYCOLYSIS",200,194,TRUE
"HALLMARK_HEDGEHOG_SIGNALING",36,35,TRUE
"HALLMARK_HEME_METABOLISM",201,186,TRUE
"HALLMARK_HYPOXIA",200,194,TRUE
"HALLMARK_IL2_STAT5_SIGNALING",200,196,TRUE
"HALLMARK_IL6_JAK_STAT3_SIGNALING",90,82,TRUE
"HALLMARK_INFLAMMATORY_RESPONSE",201,188,TRUE
"HALLMARK_INTERFERON_ALPHA_RESPONSE",97,97,TRUE
"HALLMARK_INTERFERON_GAMMA_RESPONSE",200,196,TRUE
"HALLMARK_KRAS_SIGNALING_DN",200,145,TRUE
"HALLMARK_KRAS_SIGNALING_UP",201,187,TRUE
"HALLMARK_MITOTIC_SPINDLE",199,199,TRUE
"HALLMARK_MTORC1_SIGNALING",200,200,TRUE
"HALLMARK_MYC_TARGETS_V1",200,200,TRUE
"HALLMARK_MYC_TARGETS_V2",58,58,TRUE
"HALLMARK_MYOGENESIS",200,180,TRUE
"HALLMARK_NOTCH_SIGNALING",32,32,TRUE
"HALLMARK_OXIDATIVE_PHOSPHORYLATION",201,200,TRUE
"HALLMARK_P53_PATHWAY",200,197,TRUE
"HALLMARK_PANCREAS_BETA_CELLS",40,27,TRUE
"HALLMARK_PEROXISOME",104,100,TRUE
"HALLMARK_PI3K_AKT_MTOR_SIGNALING",105,101,TRUE
"HALLMARK_PROTEIN_SECRETION",97,95,TRUE
"HALLMARK_REACTIVE_OXYGEN_SPECIES_PATHWAY",49,49,TRUE
"HALLMARK_SPERMATOGENESIS",135,93,TRUE
"HALLMARK_TGF_BETA_SIGNALING",54,53,TRUE
"HALLMARK_TNFA_SIGNALING_VIA_NFKB",200,196,TRUE
"HALLMARK_UNFOLDED_PROTEIN_RESPONSE",113,113,TRUE
"HALLMARK_UV_RESPONSE_DN",144,144,TRUE
"HALLMARK_UV_RESPONSE_UP",158,154,TRUE
"HALLMARK_WNT_BETA_CATENIN_SIGNALING",42,41,TRUE
"HALLMARK_XENOBIOTIC_METABOLISM",200,185,TRUE
