"pathway","primary_NES","primary_padj","no_R18_NES","no_R18_padj","same_direction","FDR_status"
"HALLMARK_OXIDATIVE_PHOSPHORYLATION",-3.4487990652832,4.71692600928115e-38,-2.87928096085119,5.42757883209051e-22,TRUE,"Both models"
"HALLMARK_MYC_TARGETS_V1",-3.19634523686484,7.88573085029719e-30,-3.21248492714681,3.77450943744236e-30,TRUE,"Both models"
"HALLMARK_MTORC1_SIGNALING",-2.56283855246077,8.36395483432734e-15,-2.10220148574304,1.07746555074023e-08,TRUE,"Both models"
"HALLMARK_ALLOGRAFT_REJECTION",2.36574012311448,1.17345744001801e-13,2.83391444496507,5.56101602556403e-27,TRUE,"Both models"
"HALLMARK_EPITHELIAL_MESENCHYMAL_TRANSITION",2.31054590871232,2.65351330082832e-13,2.45367123354565,2.53652728419041e-16,TRUE,"Both models"
"HALLMARK_INFLAMMATORY_RESPONSE",2.31504871050526,7.4625888925454e-13,2.63966739719364,6.95001276586025e-21,TRUE,"Both models"
"HALLMARK_GLYCOLYSIS",-2.38241277247177,3.80523425191662e-12,-1.78398672616672,1.91830056738895e-05,TRUE,"Both models"
"HALLMARK_DNA_REPAIR",-2.47442877190881,5.11576697824582e-12,-2.17626697938097,1.07746555074023e-08,TRUE,"Both models"
"HALLMARK_XENOBIOTIC_METABOLISM",-2.39679513209171,9.79532462630146e-12,-1.86890638646604,3.02271574670673e-06,TRUE,"Both models"
"HALLMARK_FATTY_ACID_METABOLISM",-2.43221603861435,1.84134519588281e-11,-1.67108399400485,0.000229093017916801,TRUE,"Both models"
"HALLMARK_E2F_TARGETS",-2.23614631217877,2.75086399544078e-10,-2.07495869898367,2.07359121650392e-08,TRUE,"Both models"
"HALLMARK_UNFOLDED_PROTEIN_RESPONSE",-2.46775705028749,2.94950000814403e-10,-2.36659776442951,1.88310881810546e-09,TRUE,"Both models"
"HALLMARK_MYOGENESIS",2.09146282653702,7.40949025092713e-09,2.13689109422782,2.10941511316536e-09,TRUE,"Both models"
"HALLMARK_APICAL_JUNCTION",2.07229574384127,1.28861335199524e-08,1.88320017445171,2.38844551263669e-06,TRUE,"Both models"
"HALLMARK_INTERFERON_GAMMA_RESPONSE",2.05607016551534,2.05221368125399e-08,2.29456317327644,8.30514021282351e-13,TRUE,"Both models"
"HALLMARK_IL2_STAT5_SIGNALING",1.90977643979327,1.68393421044574e-06,2.1420022052495,6.79202391341329e-10,TRUE,"Both models"
"HALLMARK_BILE_ACID_METABOLISM",-2.08255028572959,2.32375103096135e-06,-1.50735070931989,0.0100752314811221,TRUE,"Both models"
"HALLMARK_PEROXISOME",-2.05436819174944,3.4252998348362e-06,-1.49883678584895,0.0105924611855375,TRUE,"Both models"
"HALLMARK_ESTROGEN_RESPONSE_EARLY",-1.86589923690017,3.63023856232878e-06,-2.20886969649342,1.80488489038294e-10,TRUE,"Both models"
"HALLMARK_ADIPOGENESIS",-1.86721817364101,3.82402647881633e-06,-1.20828457945698,0.0673776190521529,TRUE,"Primary only"
"HALLMARK_PROTEIN_SECRETION",-2.04328144039216,5.42981386477367e-06,-1.71583008763953,0.000890792800436685,TRUE,"Both models"
"HALLMARK_KRAS_SIGNALING_UP",1.84777291570838,5.74673054085932e-06,2.18479533896393,1.926696486216e-10,TRUE,"Both models"
"HALLMARK_ESTROGEN_RESPONSE_LATE",-1.83303472466134,7.47735532304866e-06,-1.98266905701309,1.19880425094967e-07,TRUE,"Both models"
"HALLMARK_IL6_JAK_STAT3_SIGNALING",1.99491887786327,1.8680322803712e-05,2.41602446304976,3.61308452633125e-10,TRUE,"Both models"
"HALLMARK_TNFA_SIGNALING_VIA_NFKB",1.78538029820798,2.92032099123698e-05,2.3255443750661,2.69574745794914e-13,TRUE,"Both models"
"HALLMARK_MYC_TARGETS_V2",-2.13675618268505,2.98501878757311e-05,-1.96590193775333,0.000279614631738751,TRUE,"Both models"
"HALLMARK_UV_RESPONSE_DN",1.68086606923124,0.00069509215834517,1.65370610005307,0.00165179840903353,TRUE,"Both models"
"HALLMARK_G2M_CHECKPOINT",-1.54190255010479,0.0010928126128148,-1.41946406785742,0.00489416145013765,TRUE,"Both models"
"HALLMARK_COAGULATION",-1.57121191030401,0.00308452150061236,1.25936031956865,0.133631777636722,FALSE,"Primary only"
"HALLMARK_CHOLESTEROL_HOMEOSTASIS",-1.60832622421587,0.00459528885768604,-1.03044564959919,0.421554252199414,TRUE,"Primary only"
"HALLMARK_REACTIVE_OXYGEN_SPECIES_PATHWAY",-1.65649954238255,0.00582104440389665,-0.996371693000839,0.474576271186441,TRUE,"Primary only"
"HALLMARK_HEDGEHOG_SIGNALING",1.72948212508607,0.00819860007469428,1.66725997018308,0.0150072735736231,TRUE,"Both models"
"HALLMARK_APICAL_SURFACE",1.65236547723514,0.0108736415282941,1.71714503977638,0.00408978059796871,TRUE,"Both models"
"HALLMARK_APOPTOSIS",1.44316520465933,0.0126305429802985,1.62096072761385,0.001675656297882,TRUE,"Both models"
"HALLMARK_TGF_BETA_SIGNALING",1.52850763651639,0.0244476699160612,1.44377075634055,0.0540810383559364,TRUE,"Primary only"
"HALLMARK_HEME_METABOLISM",-1.27592167166263,0.0334674311931766,0.873677193585489,0.791380625476735,FALSE,"Primary only"
"HALLMARK_COMPLEMENT",1.30729287902953,0.0522184948414457,1.85771770397011,2.34069277723049e-06,TRUE,"No R18 only"
"HALLMARK_ANDROGEN_RESPONSE",-1.28307513583931,0.0554912985841879,-0.924383002510396,0.688360450563204,TRUE,"Neither model"
"HALLMARK_ANGIOGENESIS",1.4375325367261,0.0683502410245341,1.53939000218176,0.0515627478978264,TRUE,"Neither model"
"HALLMARK_UV_RESPONSE_UP",-1.23643574484273,0.0683502410245341,0.977984676334983,0.551223794278633,FALSE,"Neither model"
"HALLMARK_WNT_BETA_CATENIN_SIGNALING",1.40563966068904,0.0683502410245341,1.18420700338964,0.269679300291545,TRUE,"Neither model"
"HALLMARK_KRAS_SIGNALING_DN",1.26335028017478,0.0985839756228715,1.19056439403207,0.202061986889836,TRUE,"Neither model"
"HALLMARK_INTERFERON_ALPHA_RESPONSE",1.2604862506827,0.129026240517349,1.38328369094889,0.0515627478978264,TRUE,"Neither model"
"HALLMARK_PANCREAS_BETA_CELLS",1.16970189055125,0.293255131964809,1.19544095326519,0.284101890147269,TRUE,"Neither model"
"HALLMARK_NOTCH_SIGNALING",1.10697083151779,0.340447154471545,1.06180963870998,0.421554252199414,TRUE,"Neither model"
"HALLMARK_HYPOXIA",-0.97701317515445,0.590895827254158,1.2585090875655,0.105266465560583,FALSE,"Neither model"
"HALLMARK_PI3K_AKT_MTOR_SIGNALING",-0.916380017573739,0.710728836577637,0.767865484360865,0.904718575328221,FALSE,"Neither model"
"HALLMARK_P53_PATHWAY",0.894134578373688,0.737645348837209,1.13662912436159,0.257858901926699,TRUE,"Neither model"
"HALLMARK_SPERMATOGENESIS",0.861370087912383,0.757164567954842,1.13713667326822,0.295703867132439,TRUE,"Neither model"
"HALLMARK_MITOTIC_SPINDLE",0.741714863984884,0.958090803259604,0.690634104919214,0.989807474518686,TRUE,"Neither model"
