"PC1","PC2","group","name","specimen_id","patient_code","patient_number","tissue_code","tissue","external_id","container_id","internal_case_id","histology","n_rna_libraries","library_names","sizeFactor"
-115.260501477321,-3.72344477921376,"Liver:R18","R18LIV","R18LIV","R18",4,"LIV","Liver","RA11_018","5235L","140513-2","Invasive ductal carcinoma",2,"R18LIV_1,R18LIV_2",0.465482917006292
-6.50933744477608,-51.9055501633029,"Lung:R18","R18LUN","R18LUN","R18",4,"LUN","Lung","RA11_018","5233L","140512-1","Invasive ductal carcinoma",2,"R18LUN_1,R18LUN_2",0.838666202770761
13.4159237700686,22.5461728774982,"Liver:R23","R23LIV","R23LIV","R23",5,"LIV","Liver","RA11_023","DBF0L","150305-3","Invasive ductal carcinoma",2,"R23LIV_1,R23LIV_2",1.06649582351721
21.1376864831456,-35.6109140838703,"Lung:R23","R23LUN","R23LUN","R23",5,"LUN","Lung","RA11_023","DB3BL","150293-3","Invasive ductal carcinoma",2,"R23LUN_1,R23LUN_2",1.16532252157471
-15.0936825405772,3.96443158686112,"Liver:R33","R33LIV","R33LIV","R33",6,"LIV","Liver","RA11_033","164C1L","150895-2","Invasive ductal carcinoma",2,"R33LIV_1,R33LIV_2",1.18101571651999
21.0779553355417,-35.1471427707344,"Lung:R33","R33LUN","R33LUN","R33",6,"LUN","Lung","RA11_033","16483L","150888-2","Invasive ductal carcinoma",2,"R33LUN_1,R33LUN_2",1.15731144297205
-29.3807221006808,25.7102439817396,"Liver:R36","R36LIV","R36LIV","R36",7,"LIV","Liver","RA11_036","19D4AL","160203-3","Invasive ductal carcinoma",2,"R36LIV_1,R36LIV_2",1.02835284801344
7.75340610069657,-7.49502259871409,"Lung:R36","R36LUN","R36LUN","R36",7,"LUN","Lung","RA11_036","19D40L","160208-3","Invasive ductal carcinoma",2,"R36LUN_1,R36LUN_2",0.970713771174652
33.7267603023778,37.9272168034341,"Liver:R49","R49LIV","R49LIV","R49",3,"LIV","Liver","RA11_049","31917L","180609-3","Invasive ductal carcinoma",2,"R49LIV_1,R49LIV_2",1.21439753926454
40.4308668105551,11.1302846230701,"Lung:R49","R49LUN","R49LUN","R49",3,"LUN","Lung","RA11_049","31966L","180608-3","Invasive ductal carcinoma",2,"R49LUN_1,R49LUN_2",1.00502913666372
-8.00656284908322,36.4222037914006,"Liver:R8","R8LIV","R8LIV","R8",1,"LIV","Liver","RA11_008","39F06L","121196-3","Invasive ductal carcinoma",2,"R8LIV_1,R8LIV_2",1.03339821484681
36.7082076100531,-3.81847926816818,"Lung:R8","R8LUN","R8LUN","R8",1,"LUN","Lung","RA11_008","39F07L","121195-3","Invasive ductal carcinoma",2,"R8LUN_1,R8LUN_2",1.15433987849218
