"model","pathway","original_NES","reproduced_NES","absolute_NES_difference","original_padj","reproduced_padj","same_direction","same_FDR_status"
"primary","HALLMARK_OXIDATIVE_PHOSPHORYLATION",-3.4487990652832,-3.4487990652832,0,4.71692600928115e-38,4.71692600928115e-38,TRUE,TRUE
"primary","HALLMARK_MYC_TARGETS_V1",-3.19634523686484,-3.19634523686484,0,7.88573085029719e-30,7.88573085029719e-30,TRUE,TRUE
"primary","HALLMARK_MTORC1_SIGNALING",-2.56283855246077,-2.56283855246077,0,8.36395483432734e-15,8.36395483432734e-15,TRUE,TRUE
"primary","HALLMARK_ALLOGRAFT_REJECTION",2.36574012311448,2.36574012311448,0,1.17345744001801e-13,1.17345744001801e-13,TRUE,TRUE
"primary","HALLMARK_EPITHELIAL_MESENCHYMAL_TRANSITION",2.31054590871232,2.31054590871232,0,2.65351330082832e-13,2.65351330082832e-13,TRUE,TRUE
"primary","HALLMARK_INFLAMMATORY_RESPONSE",2.31504871050526,2.31504871050526,0,7.4625888925454e-13,7.4625888925454e-13,TRUE,TRUE
"primary","HALLMARK_GLYCOLYSIS",-2.38241277247177,-2.38241277247177,0,3.80523425191662e-12,3.80523425191662e-12,TRUE,TRUE
"primary","HALLMARK_DNA_REPAIR",-2.47442877190881,-2.47442877190881,0,5.11576697824582e-12,5.11576697824582e-12,TRUE,TRUE
"primary","HALLMARK_XENOBIOTIC_METABOLISM",-2.39679513209171,-2.39679513209171,0,9.79532462630146e-12,9.79532462630146e-12,TRUE,TRUE
"primary","HALLMARK_FATTY_ACID_METABOLISM",-2.43221603861435,-2.43221603861435,0,1.84134519588281e-11,1.84134519588281e-11,TRUE,TRUE
"primary","HALLMARK_E2F_TARGETS",-2.23614631217877,-2.23614631217877,0,2.75086399544078e-10,2.75086399544078e-10,TRUE,TRUE
"primary","HALLMARK_UNFOLDED_PROTEIN_RESPONSE",-2.46775705028749,-2.46775705028749,0,2.94950000814403e-10,2.94950000814403e-10,TRUE,TRUE
"primary","HALLMARK_MYOGENESIS",2.09146282653702,2.09146282653702,0,7.40949025092713e-09,7.40949025092713e-09,TRUE,TRUE
"primary","HALLMARK_APICAL_JUNCTION",2.07229574384127,2.07229574384127,0,1.28861335199524e-08,1.28861335199524e-08,TRUE,TRUE
"primary","HALLMARK_INTERFERON_GAMMA_RESPONSE",2.05607016551534,2.05607016551534,0,2.05221368125399e-08,2.05221368125399e-08,TRUE,TRUE
"primary","HALLMARK_IL2_STAT5_SIGNALING",1.90977643979327,1.90977643979327,0,1.68393421044574e-06,1.68393421044574e-06,TRUE,TRUE
"primary","HALLMARK_BILE_ACID_METABOLISM",-2.08255028572959,-2.08255028572959,0,2.32375103096135e-06,2.32375103096135e-06,TRUE,TRUE
"primary","HALLMARK_PEROXISOME",-2.05436819174944,-2.05436819174944,0,3.4252998348362e-06,3.4252998348362e-06,TRUE,TRUE
"primary","HALLMARK_ESTROGEN_RESPONSE_EARLY",-1.86589923690017,-1.86589923690017,0,3.63023856232878e-06,3.63023856232878e-06,TRUE,TRUE
"primary","HALLMARK_ADIPOGENESIS",-1.86721817364101,-1.86721817364101,0,3.82402647881633e-06,3.82402647881633e-06,TRUE,TRUE
"primary","HALLMARK_PROTEIN_SECRETION",-2.04328144039216,-2.04328144039216,0,5.42981386477367e-06,5.42981386477367e-06,TRUE,TRUE
"primary","HALLMARK_KRAS_SIGNALING_UP",1.84777291570838,1.84777291570838,0,5.74673054085932e-06,5.74673054085932e-06,TRUE,TRUE
"primary","HALLMARK_ESTROGEN_RESPONSE_LATE",-1.83303472466134,-1.83303472466134,0,7.47735532304866e-06,7.47735532304866e-06,TRUE,TRUE
"primary","HALLMARK_IL6_JAK_STAT3_SIGNALING",1.99491887786327,1.99491887786327,0,1.8680322803712e-05,1.8680322803712e-05,TRUE,TRUE
"primary","HALLMARK_TNFA_SIGNALING_VIA_NFKB",1.78538029820798,1.78538029820798,0,2.92032099123698e-05,2.92032099123698e-05,TRUE,TRUE
"primary","HALLMARK_MYC_TARGETS_V2",-2.13675618268505,-2.13675618268505,0,2.98501878757311e-05,2.98501878757311e-05,TRUE,TRUE
"primary","HALLMARK_UV_RESPONSE_DN",1.68086606923124,1.68086606923124,0,0.00069509215834517,0.00069509215834517,TRUE,TRUE
"primary","HALLMARK_G2M_CHECKPOINT",-1.54190255010479,-1.54190255010479,0,0.0010928126128148,0.0010928126128148,TRUE,TRUE
"primary","HALLMARK_COAGULATION",-1.57121191030401,-1.57121191030401,0,0.00308452150061236,0.00308452150061236,TRUE,TRUE
"primary","HALLMARK_CHOLESTEROL_HOMEOSTASIS",-1.60832622421587,-1.60832622421587,0,0.00459528885768604,0.00459528885768604,TRUE,TRUE
"primary","HALLMARK_REACTIVE_OXYGEN_SPECIES_PATHWAY",-1.65649954238255,-1.65649954238255,0,0.00582104440389665,0.00582104440389665,TRUE,TRUE
"primary","HALLMARK_HEDGEHOG_SIGNALING",1.72948212508607,1.72948212508607,0,0.00819860007469428,0.00819860007469428,TRUE,TRUE
"primary","HALLMARK_APICAL_SURFACE",1.65236547723514,1.65236547723514,0,0.0108736415282941,0.0108736415282941,TRUE,TRUE
"primary","HALLMARK_APOPTOSIS",1.44316520465933,1.44316520465933,0,0.0126305429802985,0.0126305429802985,TRUE,TRUE
"primary","HALLMARK_TGF_BETA_SIGNALING",1.52850763651639,1.52850763651639,0,0.0244476699160612,0.0244476699160612,TRUE,TRUE
"primary","HALLMARK_HEME_METABOLISM",-1.27592167166263,-1.27592167166263,0,0.0334674311931766,0.0334674311931766,TRUE,TRUE
"primary","HALLMARK_COMPLEMENT",1.30729287902953,1.30729287902953,0,0.0522184948414457,0.0522184948414457,TRUE,TRUE
"primary","HALLMARK_ANDROGEN_RESPONSE",-1.28307513583931,-1.28307513583931,0,0.0554912985841879,0.0554912985841879,TRUE,TRUE
"primary","HALLMARK_ANGIOGENESIS",1.4375325367261,1.4375325367261,0,0.0683502410245341,0.0683502410245341,TRUE,TRUE
"primary","HALLMARK_UV_RESPONSE_UP",-1.23643574484273,-1.23643574484273,0,0.0683502410245341,0.0683502410245341,TRUE,TRUE
"primary","HALLMARK_WNT_BETA_CATENIN_SIGNALING",1.40563966068904,1.40563966068904,0,0.0683502410245341,0.0683502410245341,TRUE,TRUE
"primary","HALLMARK_KRAS_SIGNALING_DN",1.26335028017478,1.26335028017478,0,0.0985839756228715,0.0985839756228715,TRUE,TRUE
"primary","HALLMARK_INTERFERON_ALPHA_RESPONSE",1.2604862506827,1.2604862506827,0,0.129026240517349,0.129026240517349,TRUE,TRUE
"primary","HALLMARK_PANCREAS_BETA_CELLS",1.16970189055125,1.16970189055125,0,0.293255131964809,0.293255131964809,TRUE,TRUE
"primary","HALLMARK_NOTCH_SIGNALING",1.10697083151779,1.10697083151779,0,0.340447154471545,0.340447154471545,TRUE,TRUE
"primary","HALLMARK_HYPOXIA",-0.97701317515445,-0.97701317515445,0,0.590895827254158,0.590895827254158,TRUE,TRUE
"primary","HALLMARK_PI3K_AKT_MTOR_SIGNALING",-0.916380017573739,-0.916380017573739,0,0.710728836577637,0.710728836577637,TRUE,TRUE
"primary","HALLMARK_P53_PATHWAY",0.894134578373688,0.894134578373688,0,0.737645348837209,0.737645348837209,TRUE,TRUE
"primary","HALLMARK_SPERMATOGENESIS",0.861370087912383,0.861370087912383,0,0.757164567954842,0.757164567954842,TRUE,TRUE
"primary","HALLMARK_MITOTIC_SPINDLE",0.741714863984884,0.741714863984884,0,0.958090803259604,0.958090803259604,TRUE,TRUE
"no_R18","HALLMARK_MYC_TARGETS_V1",-3.21248492714681,-3.21248492714681,0,3.77450943744236e-30,3.77450943744236e-30,TRUE,TRUE
"no_R18","HALLMARK_ALLOGRAFT_REJECTION",2.83391444496507,2.83391444496507,0,5.56101602556403e-27,5.56101602556403e-27,TRUE,TRUE
"no_R18","HALLMARK_OXIDATIVE_PHOSPHORYLATION",-2.87928096085119,-2.87928096085119,0,5.42757883209051e-22,5.42757883209051e-22,TRUE,TRUE
"no_R18","HALLMARK_INFLAMMATORY_RESPONSE",2.63966739719364,2.63966739719364,0,6.95001276586025e-21,6.95001276586025e-21,TRUE,TRUE
"no_R18","HALLMARK_EPITHELIAL_MESENCHYMAL_TRANSITION",2.45367123354565,2.45367123354565,0,2.53652728419041e-16,2.53652728419041e-16,TRUE,TRUE
"no_R18","HALLMARK_TNFA_SIGNALING_VIA_NFKB",2.3255443750661,2.3255443750661,0,2.69574745794914e-13,2.69574745794914e-13,TRUE,TRUE
"no_R18","HALLMARK_INTERFERON_GAMMA_RESPONSE",2.29456317327644,2.29456317327644,0,8.30514021282351e-13,8.30514021282351e-13,TRUE,TRUE
"no_R18","HALLMARK_ESTROGEN_RESPONSE_EARLY",-2.20886969649342,-2.20886969649342,0,1.80488489038294e-10,1.80488489038294e-10,TRUE,TRUE
"no_R18","HALLMARK_KRAS_SIGNALING_UP",2.18479533896393,2.18479533896393,0,1.926696486216e-10,1.926696486216e-10,TRUE,TRUE
"no_R18","HALLMARK_IL6_JAK_STAT3_SIGNALING",2.41602446304976,2.41602446304976,0,3.61308452633125e-10,3.61308452633125e-10,TRUE,TRUE
"no_R18","HALLMARK_IL2_STAT5_SIGNALING",2.1420022052495,2.1420022052495,0,6.79202391341329e-10,6.79202391341329e-10,TRUE,TRUE
"no_R18","HALLMARK_UNFOLDED_PROTEIN_RESPONSE",-2.36659776442951,-2.36659776442951,0,1.88310881810546e-09,1.88310881810546e-09,TRUE,TRUE
"no_R18","HALLMARK_MYOGENESIS",2.13689109422782,2.13689109422782,0,2.10941511316536e-09,2.10941511316536e-09,TRUE,TRUE
"no_R18","HALLMARK_DNA_REPAIR",-2.17626697938097,-2.17626697938097,0,1.07746555074023e-08,1.07746555074023e-08,TRUE,TRUE
"no_R18","HALLMARK_MTORC1_SIGNALING",-2.10220148574304,-2.10220148574304,0,1.07746555074023e-08,1.07746555074023e-08,TRUE,TRUE
"no_R18","HALLMARK_E2F_TARGETS",-2.07495869898367,-2.07495869898367,0,2.07359121650392e-08,2.07359121650392e-08,TRUE,TRUE
"no_R18","HALLMARK_ESTROGEN_RESPONSE_LATE",-1.98266905701309,-1.98266905701309,0,1.19880425094967e-07,1.19880425094967e-07,TRUE,TRUE
"no_R18","HALLMARK_COMPLEMENT",1.85771770397011,1.85771770397011,0,2.34069277723049e-06,2.34069277723049e-06,TRUE,TRUE
"no_R18","HALLMARK_APICAL_JUNCTION",1.88320017445171,1.88320017445171,0,2.38844551263669e-06,2.38844551263669e-06,TRUE,TRUE
"no_R18","HALLMARK_XENOBIOTIC_METABOLISM",-1.86890638646604,-1.86890638646604,0,3.02271574670673e-06,3.02271574670673e-06,TRUE,TRUE
"no_R18","HALLMARK_GLYCOLYSIS",-1.78398672616672,-1.78398672616672,0,1.91830056738895e-05,1.91830056738895e-05,TRUE,TRUE
"no_R18","HALLMARK_FATTY_ACID_METABOLISM",-1.67108399400485,-1.67108399400485,0,0.000229093017916801,0.000229093017916801,TRUE,TRUE
"no_R18","HALLMARK_MYC_TARGETS_V2",-1.96590193775333,-1.96590193775333,0,0.000279614631738751,0.000279614631738751,TRUE,TRUE
"no_R18","HALLMARK_PROTEIN_SECRETION",-1.71583008763953,-1.71583008763953,0,0.000890792800436685,0.000890792800436685,TRUE,TRUE
"no_R18","HALLMARK_UV_RESPONSE_DN",1.65370610005307,1.65370610005307,0,0.00165179840903353,0.00165179840903353,TRUE,TRUE
"no_R18","HALLMARK_APOPTOSIS",1.62096072761385,1.62096072761385,0,0.001675656297882,0.001675656297882,TRUE,TRUE
"no_R18","HALLMARK_APICAL_SURFACE",1.71714503977638,1.71714503977638,0,0.00408978059796871,0.00408978059796871,TRUE,TRUE
"no_R18","HALLMARK_G2M_CHECKPOINT",-1.41946406785742,-1.41946406785742,0,0.00489416145013765,0.00489416145013765,TRUE,TRUE
"no_R18","HALLMARK_BILE_ACID_METABOLISM",-1.50735070931989,-1.50735070931989,0,0.0100752314811221,0.0100752314811221,TRUE,TRUE
"no_R18","HALLMARK_PEROXISOME",-1.49883678584895,-1.49883678584895,0,0.0105924611855375,0.0105924611855375,TRUE,TRUE
"no_R18","HALLMARK_HEDGEHOG_SIGNALING",1.66725997018308,1.66725997018308,0,0.0150072735736231,0.0150072735736231,TRUE,TRUE
"no_R18","HALLMARK_ANGIOGENESIS",1.53939000218176,1.53939000218176,0,0.0515627478978264,0.0515627478978264,TRUE,TRUE
"no_R18","HALLMARK_INTERFERON_ALPHA_RESPONSE",1.38328369094889,1.38328369094889,0,0.0515627478978264,0.0515627478978264,TRUE,TRUE
"no_R18","HALLMARK_TGF_BETA_SIGNALING",1.44377075634055,1.44377075634055,0,0.0540810383559364,0.0540810383559364,TRUE,TRUE
"no_R18","HALLMARK_ADIPOGENESIS",-1.20828457945698,-1.20828457945698,0,0.0673776190521529,0.0673776190521529,TRUE,TRUE
"no_R18","HALLMARK_HYPOXIA",1.2585090875655,1.2585090875655,0,0.105266465560583,0.105266465560583,TRUE,TRUE
"no_R18","HALLMARK_COAGULATION",1.25936031956865,1.25936031956865,0,0.133631777636722,0.133631777636722,TRUE,TRUE
"no_R18","HALLMARK_KRAS_SIGNALING_DN",1.19056439403207,1.19056439403207,0,0.202061986889836,0.202061986889836,TRUE,TRUE
"no_R18","HALLMARK_P53_PATHWAY",1.13662912436159,1.13662912436159,0,0.257858901926699,0.257858901926699,TRUE,TRUE
"no_R18","HALLMARK_WNT_BETA_CATENIN_SIGNALING",1.18420700338964,1.18420700338964,0,0.269679300291545,0.269679300291545,TRUE,TRUE
"no_R18","HALLMARK_PANCREAS_BETA_CELLS",1.19544095326519,1.19544095326519,0,0.284101890147269,0.284101890147269,TRUE,TRUE
"no_R18","HALLMARK_SPERMATOGENESIS",1.13713667326822,1.13713667326822,0,0.295703867132439,0.295703867132439,TRUE,TRUE
"no_R18","HALLMARK_CHOLESTEROL_HOMEOSTASIS",-1.03044564959919,-1.03044564959919,0,0.421554252199414,0.421554252199414,TRUE,TRUE
"no_R18","HALLMARK_NOTCH_SIGNALING",1.06180963870998,1.06180963870998,0,0.421554252199414,0.421554252199414,TRUE,TRUE
"no_R18","HALLMARK_REACTIVE_OXYGEN_SPECIES_PATHWAY",-0.996371693000839,-0.996371693000839,0,0.474576271186441,0.474576271186441,TRUE,TRUE
"no_R18","HALLMARK_UV_RESPONSE_UP",0.977984676334983,0.977984676334983,0,0.551223794278633,0.551223794278633,TRUE,TRUE
"no_R18","HALLMARK_ANDROGEN_RESPONSE",-0.924383002510396,-0.924383002510396,0,0.688360450563204,0.688360450563204,TRUE,TRUE
"no_R18","HALLMARK_HEME_METABOLISM",0.873677193585489,0.873677193585489,0,0.791380625476735,0.791380625476735,TRUE,TRUE
"no_R18","HALLMARK_PI3K_AKT_MTOR_SIGNALING",0.767865484360865,0.767865484360865,0,0.904718575328221,0.904718575328221,TRUE,TRUE
"no_R18","HALLMARK_MITOTIC_SPINDLE",0.690634104919214,0.690634104919214,0,0.989807474518686,0.989807474518686,TRUE,TRUE
"no_R23","HALLMARK_OXIDATIVE_PHOSPHORYLATION",-3.12185463953797,-3.12185463953797,0,1.15295989529605e-28,1.15295989529605e-28,TRUE,TRUE
"no_R23","HALLMARK_MYC_TARGETS_V1",-2.70508977824701,-2.70508977824701,0,2.03968602207918e-18,2.03968602207918e-18,TRUE,TRUE
"no_R23","HALLMARK_XENOBIOTIC_METABOLISM",-2.66879567458767,-2.66879567458767,0,2.21204986941081e-16,2.21204986941081e-16,TRUE,TRUE
"no_R23","HALLMARK_ALLOGRAFT_REJECTION",2.3609735416055,2.3609735416055,0,2.88967211246546e-13,2.88967211246546e-13,TRUE,TRUE
"no_R23","HALLMARK_FATTY_ACID_METABOLISM",-2.38320753281702,-2.38320753281702,0,1.95561952922958e-10,1.95561952922958e-10,TRUE,TRUE
"no_R23","HALLMARK_INFLAMMATORY_RESPONSE",2.20731208155863,2.20731208155863,0,1.95561952922958e-10,1.95561952922958e-10,TRUE,TRUE
"no_R23","HALLMARK_MTORC1_SIGNALING",-2.20619151066624,-2.20619151066624,0,3.39559950479685e-10,3.39559950479685e-10,TRUE,TRUE
"no_R23","HALLMARK_GLYCOLYSIS",-2.26997904465194,-2.26997904465194,0,3.71932832852358e-10,3.71932832852358e-10,TRUE,TRUE
"no_R23","HALLMARK_DNA_REPAIR",-2.26826600575267,-2.26826600575267,0,6.83319244154689e-09,6.83319244154689e-09,TRUE,TRUE
"no_R23","HALLMARK_BILE_ACID_METABOLISM",-2.28017960988343,-2.28017960988343,0,3.41359662200332e-08,3.41359662200332e-08,TRUE,TRUE
"no_R23","HALLMARK_INTERFERON_GAMMA_RESPONSE",2.01932278618803,2.01932278618803,0,4.07708726479911e-08,4.07708726479911e-08,TRUE,TRUE
"no_R23","HALLMARK_APICAL_JUNCTION",2.01238706014952,2.01238706014952,0,8.68110346442624e-08,8.68110346442624e-08,TRUE,TRUE
"no_R23","HALLMARK_EPITHELIAL_MESENCHYMAL_TRANSITION",1.97034247403676,1.97034247403676,0,2.51412519402671e-07,2.51412519402671e-07,TRUE,TRUE
"no_R23","HALLMARK_MYOGENESIS",1.99295143623124,1.99295143623124,0,2.75664173398547e-07,2.75664173398547e-07,TRUE,TRUE
"no_R23","HALLMARK_ESTROGEN_RESPONSE_LATE",-1.92917939063552,-1.92917939063552,0,4.78331191374518e-07,4.78331191374518e-07,TRUE,TRUE
"no_R23","HALLMARK_ESTROGEN_RESPONSE_EARLY",-1.96566688406517,-1.96566688406517,0,7.45102429152679e-07,7.45102429152679e-07,TRUE,TRUE
"no_R23","HALLMARK_COAGULATION",-2.05018234630282,-2.05018234630282,0,1.01964473270826e-06,1.01964473270826e-06,TRUE,TRUE
"no_R23","HALLMARK_IL2_STAT5_SIGNALING",1.87028388338102,1.87028388338102,0,1.79038982267386e-06,1.79038982267386e-06,TRUE,TRUE
"no_R23","HALLMARK_UNFOLDED_PROTEIN_RESPONSE",-2.08130833567818,-2.08130833567818,0,1.93159644702321e-06,1.93159644702321e-06,TRUE,TRUE
"no_R23","HALLMARK_ADIPOGENESIS",-1.71640826332717,-1.71640826332717,0,5.78074922762002e-05,5.78074922762002e-05,TRUE,TRUE
"no_R23","HALLMARK_PEROXISOME",-1.8374626788474,-1.8374626788474,0,0.000173769684893791,0.000173769684893791,TRUE,TRUE
"no_R23","HALLMARK_IL6_JAK_STAT3_SIGNALING",1.85391052038558,1.85391052038558,0,0.000217898531374093,0.000217898531374093,TRUE,TRUE
"no_R23","HALLMARK_TNFA_SIGNALING_VIA_NFKB",1.62315977209783,1.62315977209783,0,0.000638366269879108,0.000638366269879108,TRUE,TRUE
"no_R23","HALLMARK_PROTEIN_SECRETION",-1.67217912770387,-1.67217912770387,0,0.00173838687011503,0.00173838687011503,TRUE,TRUE
"no_R23","HALLMARK_KRAS_SIGNALING_UP",1.55774684628864,1.55774684628864,0,0.00313394470481419,0.00313394470481419,TRUE,TRUE
"no_R23","HALLMARK_CHOLESTEROL_HOMEOSTASIS",-1.65572406887842,-1.65572406887842,0,0.00631587985689657,0.00631587985689657,TRUE,TRUE
"no_R23","HALLMARK_HEME_METABOLISM",-1.42255325033308,-1.42255325033308,0,0.0073299398723102,0.0073299398723102,TRUE,TRUE
"no_R23","HALLMARK_UV_RESPONSE_DN",1.5223809118237,1.5223809118237,0,0.0073299398723102,0.0073299398723102,TRUE,TRUE
"no_R23","HALLMARK_APICAL_SURFACE",1.65749601148658,1.65749601148658,0,0.0121700579627262,0.0121700579627262,TRUE,TRUE
"no_R23","HALLMARK_MYC_TARGETS_V2",-1.61865948009261,-1.61865948009261,0,0.0124002057654858,0.0124002057654858,TRUE,TRUE
"no_R23","HALLMARK_HYPOXIA",-1.38245836569126,-1.38245836569126,0,0.0187944745701767,0.0187944745701767,TRUE,TRUE
"no_R23","HALLMARK_APOPTOSIS",1.43307876107303,1.43307876107303,0,0.0217346971784797,0.0217346971784797,TRUE,TRUE
"no_R23","HALLMARK_REACTIVE_OXYGEN_SPECIES_PATHWAY",-1.44141554792541,-1.44141554792541,0,0.0532789774747705,0.0532789774747705,TRUE,TRUE
"no_R23","HALLMARK_INTERFERON_ALPHA_RESPONSE",1.36295443721894,1.36295443721894,0,0.0579950289975145,0.0579950289975145,TRUE,TRUE
"no_R23","HALLMARK_TGF_BETA_SIGNALING",1.4334450017717,1.4334450017717,0,0.0627705627705628,0.0627705627705628,TRUE,TRUE
"no_R23","HALLMARK_HEDGEHOG_SIGNALING",1.42704996405343,1.42704996405343,0,0.0831146106736658,0.0831146106736658,TRUE,TRUE
"no_R23","HALLMARK_ANGIOGENESIS",1.40939049617428,1.40939049617428,0,0.0893807193019791,0.0893807193019791,TRUE,TRUE
"no_R23","HALLMARK_KRAS_SIGNALING_DN",1.24139999398073,1.24139999398073,0,0.117130931084419,0.117130931084419,TRUE,TRUE
"no_R23","HALLMARK_PANCREAS_BETA_CELLS",1.36121789723023,1.36121789723023,0,0.117130931084419,0.117130931084419,TRUE,TRUE
"no_R23","HALLMARK_WNT_BETA_CATENIN_SIGNALING",1.28670928312804,1.28670928312804,0,0.159657320872274,0.159657320872274,TRUE,TRUE
"no_R23","HALLMARK_ANDROGEN_RESPONSE",-1.14465716560028,-1.14465716560028,0,0.238873522755846,0.238873522755846,TRUE,TRUE
"no_R23","HALLMARK_COMPLEMENT",1.09721024924775,1.09721024924775,0,0.304400241109102,0.304400241109102,TRUE,TRUE
"no_R23","HALLMARK_MITOTIC_SPINDLE",1.06494105099929,1.06494105099929,0,0.371628487646256,0.371628487646256,TRUE,TRUE
"no_R23","HALLMARK_E2F_TARGETS",-1.01919511380323,-1.01919511380323,0,0.463591135232926,0.463591135232926,TRUE,TRUE
"no_R23","HALLMARK_P53_PATHWAY",1.00943152055534,1.00943152055534,0,0.494291283764968,0.494291283764968,TRUE,TRUE
"no_R23","HALLMARK_SPERMATOGENESIS",0.960028030222881,0.960028030222881,0,0.557861961598339,0.557861961598339,TRUE,TRUE
"no_R23","HALLMARK_UV_RESPONSE_UP",-0.97516266459866,-0.97516266459866,0,0.557861961598339,0.557861961598339,TRUE,TRUE
"no_R23","HALLMARK_NOTCH_SIGNALING",0.946049242268319,0.946049242268319,0,0.562433439829606,0.562433439829606,TRUE,TRUE
"no_R23","HALLMARK_PI3K_AKT_MTOR_SIGNALING",-0.810063705245284,-0.810063705245284,0,0.893298495868936,0.893298495868936,TRUE,TRUE
"no_R23","HALLMARK_G2M_CHECKPOINT",-0.437490463592279,-0.437490463592279,0,1,1,TRUE,TRUE
"no_R33","HALLMARK_OXIDATIVE_PHOSPHORYLATION",-3.3989051876268,-3.3989051876268,0,5.27980836638702e-37,5.27980836638702e-37,TRUE,TRUE
"no_R33","HALLMARK_MYC_TARGETS_V1",-3.17110077968045,-3.17110077968045,0,1.28611360116202e-29,1.28611360116202e-29,TRUE,TRUE
"no_R33","HALLMARK_MTORC1_SIGNALING",-2.60963311464434,-2.60963311464434,0,2.22595834002127e-16,2.22595834002127e-16,TRUE,TRUE
"no_R33","HALLMARK_EPITHELIAL_MESENCHYMAL_TRANSITION",2.3574801340457,2.3574801340457,0,1.16153326990049e-14,1.16153326990049e-14,TRUE,TRUE
"no_R33","HALLMARK_DNA_REPAIR",-2.55674826301894,-2.55674826301894,0,1.64638628438048e-13,1.64638628438048e-13,TRUE,TRUE
"no_R33","HALLMARK_XENOBIOTIC_METABOLISM",-2.3902994477354,-2.3902994477354,0,1.09732877288874e-12,1.09732877288874e-12,TRUE,TRUE
"no_R33","HALLMARK_FATTY_ACID_METABOLISM",-2.40231335498659,-2.40231335498659,0,1.23129436943052e-11,1.23129436943052e-11,TRUE,TRUE
"no_R33","HALLMARK_APICAL_JUNCTION",2.18696606019381,2.18696606019381,0,5.64025361914605e-11,5.64025361914605e-11,TRUE,TRUE
"no_R33","HALLMARK_E2F_TARGETS",-2.25514665355086,-2.25514665355086,0,6.1082581622006e-11,6.1082581622006e-11,TRUE,TRUE
"no_R33","HALLMARK_UNFOLDED_PROTEIN_RESPONSE",-2.48080363947424,-2.48080363947424,0,7.40073445706265e-11,7.40073445706265e-11,TRUE,TRUE
"no_R33","HALLMARK_GLYCOLYSIS",-2.23505243524183,-2.23505243524183,0,9.42795153025847e-11,9.42795153025847e-11,TRUE,TRUE
"no_R33","HALLMARK_INFLAMMATORY_RESPONSE",2.16818500170102,2.16818500170102,0,1.03564950651178e-10,1.03564950651178e-10,TRUE,TRUE
"no_R33","HALLMARK_ALLOGRAFT_REJECTION",2.14019445902683,2.14019445902683,0,4.04228042177519e-10,4.04228042177519e-10,TRUE,TRUE
"no_R33","HALLMARK_MYOGENESIS",2.04335780160201,2.04335780160201,0,1.85401105770593e-08,1.85401105770593e-08,TRUE,TRUE
"no_R33","HALLMARK_MYC_TARGETS_V2",-2.36032356404812,-2.36032356404812,0,1.51856763767799e-07,1.51856763767799e-07,TRUE,TRUE
"no_R33","HALLMARK_ESTROGEN_RESPONSE_LATE",-1.85705660901703,-1.85705660901703,0,1.06960397811646e-06,1.06960397811646e-06,TRUE,TRUE
"no_R33","HALLMARK_IL2_STAT5_SIGNALING",1.8765173693812,1.8765173693812,0,1.14453332643274e-06,1.14453332643274e-06,TRUE,TRUE
"no_R33","HALLMARK_ADIPOGENESIS",-1.78464398585127,-1.78464398585127,0,5.09244899611432e-06,5.09244899611432e-06,TRUE,TRUE
"no_R33","HALLMARK_UV_RESPONSE_DN",1.89046585058765,1.89046585058765,0,7.14715147826139e-06,7.14715147826139e-06,TRUE,TRUE
"no_R33","HALLMARK_KRAS_SIGNALING_UP",1.84896592418341,1.84896592418341,0,7.15665287629525e-06,7.15665287629525e-06,TRUE,TRUE
"no_R33","HALLMARK_INTERFERON_GAMMA_RESPONSE",1.78097021050417,1.78097021050417,0,1.14541644425768e-05,1.14541644425768e-05,TRUE,TRUE
"no_R33","HALLMARK_PEROXISOME",-1.97424960235471,-1.97424960235471,0,1.42551790916201e-05,1.42551790916201e-05,TRUE,TRUE
"no_R33","HALLMARK_ESTROGEN_RESPONSE_EARLY",-1.71179714510237,-1.71179714510237,0,1.44202463648625e-05,1.44202463648625e-05,TRUE,TRUE
"no_R33","HALLMARK_BILE_ACID_METABOLISM",-1.91001669103666,-1.91001669103666,0,3.1335059170821e-05,3.1335059170821e-05,TRUE,TRUE
"no_R33","HALLMARK_HEDGEHOG_SIGNALING",1.93344292853116,1.93344292853116,0,0.000675053986538827,0.000675053986538827,TRUE,TRUE
"no_R33","HALLMARK_TNFA_SIGNALING_VIA_NFKB",1.59364624273508,1.59364624273508,0,0.000756215158781906,0.000756215158781906,TRUE,TRUE
"no_R33","HALLMARK_PROTEIN_SECRETION",-1.66404100109591,-1.66404100109591,0,0.00117489169196256,0.00117489169196256,TRUE,TRUE
"no_R33","HALLMARK_REACTIVE_OXYGEN_SPECIES_PATHWAY",-1.84633265550878,-1.84633265550878,0,0.00147968526584645,0.00147968526584645,TRUE,TRUE
"no_R33","HALLMARK_COAGULATION",-1.54803103056133,-1.54803103056133,0,0.00208018030058562,0.00208018030058562,TRUE,TRUE
"no_R33","HALLMARK_G2M_CHECKPOINT",-1.46924793847696,-1.46924793847696,0,0.00243165281915794,0.00243165281915794,TRUE,TRUE
"no_R33","HALLMARK_IL6_JAK_STAT3_SIGNALING",1.64168579330857,1.64168579330857,0,0.00409193810293151,0.00409193810293151,TRUE,TRUE
"no_R33","HALLMARK_APICAL_SURFACE",1.65554590466209,1.65554590466209,0,0.00538595264671143,0.00538595264671143,TRUE,TRUE
"no_R33","HALLMARK_CHOLESTEROL_HOMEOSTASIS",-1.57191384041982,-1.57191384041982,0,0.00611849491379393,0.00611849491379393,TRUE,TRUE
"no_R33","HALLMARK_APOPTOSIS",1.41084029231859,1.41084029231859,0,0.0268076481747787,0.0268076481747787,TRUE,TRUE
"no_R33","HALLMARK_ANGIOGENESIS",1.54702985322186,1.54702985322186,0,0.0361055134512878,0.0361055134512878,TRUE,TRUE
"no_R33","HALLMARK_TGF_BETA_SIGNALING",1.43951422715728,1.43951422715728,0,0.0550822561692127,0.0550822561692127,TRUE,TRUE
"no_R33","HALLMARK_WNT_BETA_CATENIN_SIGNALING",1.4723246717589,1.4723246717589,0,0.0550822561692127,0.0550822561692127,TRUE,TRUE
"no_R33","HALLMARK_UV_RESPONSE_UP",-1.23930319066496,-1.23930319066496,0,0.0554053313481856,0.0554053313481856,TRUE,TRUE
"no_R33","HALLMARK_KRAS_SIGNALING_DN",1.33789923468526,1.33789923468526,0,0.0558726707136601,0.0558726707136601,TRUE,TRUE
"no_R33","HALLMARK_PANCREAS_BETA_CELLS",1.3857605562767,1.3857605562767,0,0.0960061443932412,0.0960061443932412,TRUE,TRUE
"no_R33","HALLMARK_COMPLEMENT",1.24367202901035,1.24367202901035,0,0.104801829268293,0.104801829268293,TRUE,TRUE
"no_R33","HALLMARK_NOTCH_SIGNALING",1.34452115640883,1.34452115640883,0,0.117816698318914,0.117816698318914,TRUE,TRUE
"no_R33","HALLMARK_HEME_METABOLISM",-1.10364150642193,-1.10364150642193,0,0.168522667701122,0.168522667701122,TRUE,TRUE
"no_R33","HALLMARK_ANDROGEN_RESPONSE",-1.06074058699192,-1.06074058699192,0,0.403409090909091,0.403409090909091,TRUE,TRUE
"no_R33","HALLMARK_HYPOXIA",-0.995734730333628,-0.995734730333628,0,0.491452991452991,0.491452991452991,TRUE,TRUE
"no_R33","HALLMARK_INTERFERON_ALPHA_RESPONSE",0.980717824372883,0.980717824372883,0,0.546258200822862,0.546258200822862,TRUE,TRUE
"no_R33","HALLMARK_PI3K_AKT_MTOR_SIGNALING",-0.952457835104099,-0.952457835104099,0,0.604816934874177,0.604816934874177,TRUE,TRUE
"no_R33","HALLMARK_MITOTIC_SPINDLE",0.91881212008615,0.91881212008615,0,0.682831661092531,0.682831661092531,TRUE,TRUE
"no_R33","HALLMARK_SPERMATOGENESIS",0.829371472948936,0.829371472948936,0,0.808308114120173,0.808308114120173,TRUE,TRUE
"no_R33","HALLMARK_P53_PATHWAY",0.80041394459672,0.80041394459672,0,0.893333333333333,0.893333333333333,TRUE,TRUE
"no_R36","HALLMARK_OXIDATIVE_PHOSPHORYLATION",-3.45065766910888,-3.45065766910888,0,1.42094151430219e-38,1.42094151430219e-38,TRUE,TRUE
"no_R36","HALLMARK_MYC_TARGETS_V1",-3.24447462661094,-3.24447462661094,0,1.45258368417222e-31,1.45258368417222e-31,TRUE,TRUE
"no_R36","HALLMARK_MTORC1_SIGNALING",-2.87262039015041,-2.87262039015041,0,1.31552844396749e-21,1.31552844396749e-21,TRUE,TRUE
"no_R36","HALLMARK_GLYCOLYSIS",-2.658834178151,-2.658834178151,0,1.66596037403627e-17,1.66596037403627e-17,TRUE,TRUE
"no_R36","HALLMARK_FATTY_ACID_METABOLISM",-2.52677530627634,-2.52677530627634,0,5.38348312512865e-13,5.38348312512865e-13,TRUE,TRUE
"no_R36","HALLMARK_XENOBIOTIC_METABOLISM",-2.39630029887824,-2.39630029887824,0,1.76029661507103e-12,1.76029661507103e-12,TRUE,TRUE
"no_R36","HALLMARK_UNFOLDED_PROTEIN_RESPONSE",-2.53144504616157,-2.53144504616157,0,5.6837992981157e-11,5.6837992981157e-11,TRUE,TRUE
"no_R36","HALLMARK_DNA_REPAIR",-2.37171101022021,-2.37171101022021,0,2.77810416337258e-10,2.77810416337258e-10,TRUE,TRUE
"no_R36","HALLMARK_ALLOGRAFT_REJECTION",1.98970294624196,1.98970294624196,0,2.8223422564252e-07,2.8223422564252e-07,TRUE,TRUE
"no_R36","HALLMARK_E2F_TARGETS",-1.99426869529325,-1.99426869529325,0,3.0437339731221e-07,3.0437339731221e-07,TRUE,TRUE
"no_R36","HALLMARK_MYOGENESIS",1.95862660373103,1.95862660373103,0,3.15720406984757e-07,3.15720406984757e-07,TRUE,TRUE
"no_R36","HALLMARK_BILE_ACID_METABOLISM",-2.13788369782679,-2.13788369782679,0,4.91009574061489e-07,4.91009574061489e-07,TRUE,TRUE
"no_R36","HALLMARK_ADIPOGENESIS",-1.90405474992411,-1.90405474992411,0,9.44813239807555e-07,9.44813239807555e-07,TRUE,TRUE
"no_R36","HALLMARK_INFLAMMATORY_RESPONSE",1.88906564425406,1.88906564425406,0,1.67413450392489e-06,1.67413450392489e-06,TRUE,TRUE
"no_R36","HALLMARK_MYC_TARGETS_V2",-2.24964514262433,-2.24964514262433,0,5.33340677831166e-06,5.33340677831166e-06,TRUE,TRUE
"no_R36","HALLMARK_PROTEIN_SECRETION",-1.99779326789685,-1.99779326789685,0,1.12768249235709e-05,1.12768249235709e-05,TRUE,TRUE
"no_R36","HALLMARK_HYPOXIA",-1.77263590503425,-1.77263590503425,0,2.37215492040156e-05,2.37215492040156e-05,TRUE,TRUE
"no_R36","HALLMARK_APICAL_JUNCTION",1.79961384604041,1.79961384604041,0,3.14966641062173e-05,3.14966641062173e-05,TRUE,TRUE
"no_R36","HALLMARK_ESTROGEN_RESPONSE_EARLY",-1.6806594056264,-1.6806594056264,0,8.94935231372564e-05,8.94935231372564e-05,TRUE,TRUE
"no_R36","HALLMARK_PEROXISOME",-1.84760809044035,-1.84760809044035,0,9.13719170095627e-05,9.13719170095627e-05,TRUE,TRUE
"no_R36","HALLMARK_IL2_STAT5_SIGNALING",1.70345252519657,1.70345252519657,0,0.00015967221905066,0.00015967221905066,TRUE,TRUE
"no_R36","HALLMARK_ESTROGEN_RESPONSE_LATE",-1.61756992034402,-1.61756992034402,0,0.000247779992557947,0.000247779992557947,TRUE,TRUE
"no_R36","HALLMARK_COAGULATION",-1.59562139762278,-1.59562139762278,0,0.00148530790401474,0.00148530790401474,TRUE,TRUE
"no_R36","HALLMARK_EPITHELIAL_MESENCHYMAL_TRANSITION",1.56275586872358,1.56275586872358,0,0.00208265710771745,0.00208265710771745,TRUE,TRUE
"no_R36","HALLMARK_REACTIVE_OXYGEN_SPECIES_PATHWAY",-1.85479209526308,-1.85479209526308,0,0.00212559633237483,0.00212559633237483,TRUE,TRUE
"no_R36","HALLMARK_CHOLESTEROL_HOMEOSTASIS",-1.68047001757655,-1.68047001757655,0,0.00399125321790792,0.00399125321790792,TRUE,TRUE
"no_R36","HALLMARK_KRAS_SIGNALING_UP",1.54356407280861,1.54356407280861,0,0.00401830679444047,0.00401830679444047,TRUE,TRUE
"no_R36","HALLMARK_HEME_METABOLISM",-1.45233028322129,-1.45233028322129,0,0.0042990338422339,0.0042990338422339,TRUE,TRUE
"no_R36","HALLMARK_INTERFERON_GAMMA_RESPONSE",1.45065870014866,1.45065870014866,0,0.00834783890782517,0.00834783890782517,TRUE,TRUE
"no_R36","HALLMARK_UV_RESPONSE_UP",-1.43392543952089,-1.43392543952089,0,0.00868398677488325,0.00868398677488325,TRUE,TRUE
"no_R36","HALLMARK_IL6_JAK_STAT3_SIGNALING",1.55038494240695,1.55038494240695,0,0.0151260475478973,0.0151260475478973,TRUE,TRUE
"no_R36","HALLMARK_G2M_CHECKPOINT",-1.31998175973285,-1.31998175973285,0,0.0239135943992765,0.0239135943992765,TRUE,TRUE
"no_R36","HALLMARK_UV_RESPONSE_DN",1.44458562208011,1.44458562208011,0,0.0243458398001833,0.0243458398001833,TRUE,TRUE
"no_R36","HALLMARK_HEDGEHOG_SIGNALING",1.61369319674168,1.61369319674168,0,0.0272194880702795,0.0272194880702795,TRUE,TRUE
"no_R36","HALLMARK_APICAL_SURFACE",1.50704400300786,1.50704400300786,0,0.0272607993939256,0.0272607993939256,TRUE,TRUE
"no_R36","HALLMARK_ANDROGEN_RESPONSE",-1.37269012281668,-1.37269012281668,0,0.0375296384995861,0.0375296384995861,TRUE,TRUE
"no_R36","HALLMARK_KRAS_SIGNALING_DN",1.27397314173875,1.27397314173875,0,0.0999180999180999,0.0999180999180999,TRUE,TRUE
"no_R36","HALLMARK_WNT_BETA_CATENIN_SIGNALING",1.3386151530134,1.3386151530134,0,0.12031166450233,0.12031166450233,TRUE,TRUE
"no_R36","HALLMARK_APOPTOSIS",1.22839593499849,1.22839593499849,0,0.141268683922712,0.141268683922712,TRUE,TRUE
"no_R36","HALLMARK_ANGIOGENESIS",1.26695268588174,1.26695268588174,0,0.199487554904832,0.199487554904832,TRUE,TRUE
"no_R36","HALLMARK_NOTCH_SIGNALING",1.2380750691123,1.2380750691123,0,0.214779759737896,0.214779759737896,TRUE,TRUE
"no_R36","HALLMARK_PANCREAS_BETA_CELLS",1.15599598774514,1.15599598774514,0,0.329120589784097,0.329120589784097,TRUE,TRUE
"no_R36","HALLMARK_COMPLEMENT",-1.06828257150621,-1.06828257150621,0,0.345954257159331,0.345954257159331,TRUE,TRUE
"no_R36","HALLMARK_PI3K_AKT_MTOR_SIGNALING",-1.05566004221189,-1.05566004221189,0,0.40169133192389,0.40169133192389,TRUE,TRUE
"no_R36","HALLMARK_TGF_BETA_SIGNALING",1.02519512727147,1.02519512727147,0,0.458392101551481,0.458392101551481,TRUE,TRUE
"no_R36","HALLMARK_TNFA_SIGNALING_VIA_NFKB",1.02652230724568,1.02652230724568,0,0.458392101551481,0.458392101551481,TRUE,TRUE
"no_R36","HALLMARK_SPERMATOGENESIS",0.911790562868675,0.911790562868675,0,0.660636935734329,0.660636935734329,TRUE,TRUE
"no_R36","HALLMARK_INTERFERON_ALPHA_RESPONSE",0.886582626134262,0.886582626134262,0,0.70844169917642,0.70844169917642,TRUE,TRUE
"no_R36","HALLMARK_P53_PATHWAY",-0.92021847318179,-0.92021847318179,0,0.74771287825475,0.74771287825475,TRUE,TRUE
"no_R36","HALLMARK_MITOTIC_SPINDLE",0.698146561384712,0.698146561384712,0,0.98410896708286,0.98410896708286,TRUE,TRUE
"no_R49","HALLMARK_OXIDATIVE_PHOSPHORYLATION",-3.46178179475623,-3.46178179475623,0,3.39955695320231e-38,3.39955695320231e-38,TRUE,TRUE
"no_R49","HALLMARK_MYC_TARGETS_V1",-3.23261819037763,-3.23261819037763,0,9.18765681822276e-31,9.18765681822276e-31,TRUE,TRUE
"no_R49","HALLMARK_MTORC1_SIGNALING",-2.57777955255345,-2.57777955255345,0,5.36237272672759e-15,5.36237272672759e-15,TRUE,TRUE
"no_R49","HALLMARK_ALLOGRAFT_REJECTION",2.43145438069533,2.43145438069533,0,1.60451512895155e-14,1.60451512895155e-14,TRUE,TRUE
"no_R49","HALLMARK_GLYCOLYSIS",-2.53434001052131,-2.53434001052131,0,1.72855773851644e-14,1.72855773851644e-14,TRUE,TRUE
"no_R49","HALLMARK_E2F_TARGETS",-2.50816078943414,-2.50816078943414,0,6.93670410079287e-14,6.93670410079287e-14,TRUE,TRUE
"no_R49","HALLMARK_XENOBIOTIC_METABOLISM",-2.4772740694163,-2.4772740694163,0,2.44869298102019e-13,2.44869298102019e-13,TRUE,TRUE
"no_R49","HALLMARK_EPITHELIAL_MESENCHYMAL_TRANSITION",2.29204192260113,2.29204192260113,0,1.55108988467729e-12,1.55108988467729e-12,TRUE,TRUE
"no_R49","HALLMARK_FATTY_ACID_METABOLISM",-2.48577997509432,-2.48577997509432,0,2.96619072369607e-12,2.96619072369607e-12,TRUE,TRUE
"no_R49","HALLMARK_DNA_REPAIR",-2.48959186422763,-2.48959186422763,0,3.75953619160545e-12,3.75953619160545e-12,TRUE,TRUE
"no_R49","HALLMARK_INFLAMMATORY_RESPONSE",2.27761985032934,2.27761985032934,0,7.67176945640996e-12,7.67176945640996e-12,TRUE,TRUE
"no_R49","HALLMARK_ESTROGEN_RESPONSE_LATE",-2.31141723831624,-2.31141723831624,0,1.04188816644006e-11,1.04188816644006e-11,TRUE,TRUE
"no_R49","HALLMARK_UNFOLDED_PROTEIN_RESPONSE",-2.5266731790983,-2.5266731790983,0,1.04188816644006e-11,1.04188816644006e-11,TRUE,TRUE
"no_R49","HALLMARK_ESTROGEN_RESPONSE_EARLY",-2.22489464174253,-2.22489464174253,0,2.42140855804015e-10,2.42140855804015e-10,TRUE,TRUE
"no_R49","HALLMARK_G2M_CHECKPOINT",-2.10504643697383,-2.10504643697383,0,1.57230494622859e-08,1.57230494622859e-08,TRUE,TRUE
"no_R49","HALLMARK_ADIPOGENESIS",-2.00984384489546,-2.00984384489546,0,5.55718041150058e-08,5.55718041150058e-08,TRUE,TRUE
"no_R49","HALLMARK_BILE_ACID_METABOLISM",-2.20313394428246,-2.20313394428246,0,3.42232885072611e-07,3.42232885072611e-07,TRUE,TRUE
"no_R49","HALLMARK_PROTEIN_SECRETION",-2.15580946614231,-2.15580946614231,0,6.96409769119044e-07,6.96409769119044e-07,TRUE,TRUE
"no_R49","HALLMARK_KRAS_SIGNALING_UP",1.93819174616902,1.93819174616902,0,9.70052095797213e-07,9.70052095797213e-07,TRUE,TRUE
"no_R49","HALLMARK_IL2_STAT5_SIGNALING",1.89241149435899,1.89241149435899,0,1.14155946919485e-06,1.14155946919485e-06,TRUE,TRUE
"no_R49","HALLMARK_INTERFERON_GAMMA_RESPONSE",1.88112978636091,1.88112978636091,0,1.36731973124833e-06,1.36731973124833e-06,TRUE,TRUE
"no_R49","HALLMARK_MYOGENESIS",1.91700949071624,1.91700949071624,0,1.65142261605089e-06,1.65142261605089e-06,TRUE,TRUE
"no_R49","HALLMARK_APICAL_JUNCTION",1.88608375022272,1.88608375022272,0,2.11713009309055e-06,2.11713009309055e-06,TRUE,TRUE
"no_R49","HALLMARK_PEROXISOME",-2.07683021210671,-2.07683021210671,0,3.23110674586659e-06,3.23110674586659e-06,TRUE,TRUE
"no_R49","HALLMARK_MYC_TARGETS_V2",-2.18953328913711,-2.18953328913711,0,4.46553723847686e-06,4.46553723847686e-06,TRUE,TRUE
"no_R49","HALLMARK_IL6_JAK_STAT3_SIGNALING",2.05799966364622,2.05799966364622,0,6.65925400599371e-06,6.65925400599371e-06,TRUE,TRUE
"no_R49","HALLMARK_COAGULATION",-1.88695225639273,-1.88695225639273,0,2.04437781767919e-05,2.04437781767919e-05,TRUE,TRUE
"no_R49","HALLMARK_TNFA_SIGNALING_VIA_NFKB",1.72123142744676,1.72123142744676,0,4.55784253366661e-05,4.55784253366661e-05,TRUE,TRUE
"no_R49","HALLMARK_UV_RESPONSE_DN",1.65166262847398,1.65166262847398,0,0.000964628598383313,0.000964628598383313,TRUE,TRUE
"no_R49","HALLMARK_CHOLESTEROL_HOMEOSTASIS",-1.79109620545602,-1.79109620545602,0,0.00123954542042985,0.00123954542042985,TRUE,TRUE
"no_R49","HALLMARK_HEME_METABOLISM",-1.48504458139576,-1.48504458139576,0,0.0028130598937957,0.0028130598937957,TRUE,TRUE
"no_R49","HALLMARK_REACTIVE_OXYGEN_SPECIES_PATHWAY",-1.76846445728619,-1.76846445728619,0,0.00552112343426929,0.00552112343426929,TRUE,TRUE
"no_R49","HALLMARK_UV_RESPONSE_UP",-1.45983315929118,-1.45983315929118,0,0.00962923028625488,0.00962923028625488,TRUE,TRUE
"no_R49","HALLMARK_ANDROGEN_RESPONSE",-1.48904485720098,-1.48904485720098,0,0.0114411740669184,0.0114411740669184,TRUE,TRUE
"no_R49","HALLMARK_HEDGEHOG_SIGNALING",1.62835594110336,1.62835594110336,0,0.0245834095619205,0.0245834095619205,TRUE,TRUE
"no_R49","HALLMARK_APOPTOSIS",1.33468578135277,1.33468578135277,0,0.0527886995776904,0.0527886995776904,TRUE,TRUE
"no_R49","HALLMARK_APICAL_SURFACE",1.43402932217476,1.43402932217476,0,0.0742500742500743,0.0742500742500743,TRUE,TRUE
"no_R49","HALLMARK_KRAS_SIGNALING_DN",1.30027233925471,1.30027233925471,0,0.075066176761092,0.075066176761092,TRUE,TRUE
"no_R49","HALLMARK_WNT_BETA_CATENIN_SIGNALING",1.4064383820206,1.4064383820206,0,0.075066176761092,0.075066176761092,TRUE,TRUE
"no_R49","HALLMARK_COMPLEMENT",1.23445082512877,1.23445082512877,0,0.110619469026549,0.110619469026549,TRUE,TRUE
"no_R49","HALLMARK_HYPOXIA",-1.15550603534221,-1.15550603534221,0,0.149450023912004,0.149450023912004,TRUE,TRUE
"no_R49","HALLMARK_ANGIOGENESIS",1.14929796651531,1.14929796651531,0,0.284683239775461,0.284683239775461,TRUE,TRUE
"no_R49","HALLMARK_PI3K_AKT_MTOR_SIGNALING",-1.11566181096111,-1.11566181096111,0,0.284683239775461,0.284683239775461,TRUE,TRUE
"no_R49","HALLMARK_INTERFERON_ALPHA_RESPONSE",1.10596890030455,1.10596890030455,0,0.330840046029919,0.330840046029919,TRUE,TRUE
"no_R49","HALLMARK_SPERMATOGENESIS",-1.0593088936552,-1.0593088936552,0,0.377928949357521,0.377928949357521,TRUE,TRUE
"no_R49","HALLMARK_NOTCH_SIGNALING",1.04438701797594,1.04438701797594,0,0.418048645660586,0.418048645660586,TRUE,TRUE
"no_R49","HALLMARK_PANCREAS_BETA_CELLS",1.04773904021088,1.04773904021088,0,0.418048645660586,0.418048645660586,TRUE,TRUE
"no_R49","HALLMARK_TGF_BETA_SIGNALING",1.03031822507523,1.03031822507523,0,0.418048645660586,0.418048645660586,TRUE,TRUE
"no_R49","HALLMARK_P53_PATHWAY",0.916326622129334,0.916326622129334,0,0.682848897134611,0.682848897134611,TRUE,TRUE
"no_R49","HALLMARK_MITOTIC_SPINDLE",-0.854778346686,-0.854778346686,0,0.886255924170616,0.886255924170616,TRUE,TRUE
"no_R8","HALLMARK_OXIDATIVE_PHOSPHORYLATION",-3.569958843801,-3.569958843801,0,3.81971011959124e-44,3.81971011959124e-44,TRUE,TRUE
"no_R8","HALLMARK_MYC_TARGETS_V1",-3.27970634669192,-3.27970634669192,0,1.68426079338264e-33,1.68426079338264e-33,TRUE,TRUE
"no_R8","HALLMARK_EPITHELIAL_MESENCHYMAL_TRANSITION",2.70562202996234,2.70562202996234,0,1.08721801815187e-24,1.08721801815187e-24,TRUE,TRUE
"no_R8","HALLMARK_INFLAMMATORY_RESPONSE",2.51874100370716,2.51874100370716,0,5.28926403036004e-18,5.28926403036004e-18,TRUE,TRUE
"no_R8","HALLMARK_ALLOGRAFT_REJECTION",2.48336049242686,2.48336049242686,0,4.86701696159879e-17,4.86701696159879e-17,TRUE,TRUE
"no_R8","HALLMARK_MTORC1_SIGNALING",-2.62883198194774,-2.62883198194774,0,4.86701696159879e-17,4.86701696159879e-17,TRUE,TRUE
"no_R8","HALLMARK_DNA_REPAIR",-2.7692172825518,-2.7692172825518,0,7.65261910000394e-17,7.65261910000394e-17,TRUE,TRUE
"no_R8","HALLMARK_E2F_TARGETS",-2.6088134250838,-2.6088134250838,0,8.31475883329776e-17,8.31475883329776e-17,TRUE,TRUE
"no_R8","HALLMARK_GLYCOLYSIS",-2.3577242624051,-2.3577242624051,0,1.91422957458893e-12,1.91422957458893e-12,TRUE,TRUE
"no_R8","HALLMARK_XENOBIOTIC_METABOLISM",-2.36186985972661,-2.36186985972661,0,3.89121629143014e-12,3.89121629143014e-12,TRUE,TRUE
"no_R8","HALLMARK_FATTY_ACID_METABOLISM",-2.43940299652543,-2.43940299652543,0,6.15598362310106e-12,6.15598362310106e-12,TRUE,TRUE
"no_R8","HALLMARK_INTERFERON_GAMMA_RESPONSE",2.21500953890005,2.21500953890005,0,1.83583545291592e-11,1.83583545291592e-11,TRUE,TRUE
"no_R8","HALLMARK_MYOGENESIS",2.16324145411101,2.16324145411101,0,1.92126608779065e-10,1.92126608779065e-10,TRUE,TRUE
"no_R8","HALLMARK_TNFA_SIGNALING_VIA_NFKB",2.15981339341263,2.15981339341263,0,1.92126608779065e-10,1.92126608779065e-10,TRUE,TRUE
"no_R8","HALLMARK_APICAL_JUNCTION",2.07682918203526,2.07682918203526,0,6.47135806674047e-09,6.47135806674047e-09,TRUE,TRUE
"no_R8","HALLMARK_BILE_ACID_METABOLISM",-2.26932264125842,-2.26932264125842,0,2.5939420669502e-08,2.5939420669502e-08,TRUE,TRUE
"no_R8","HALLMARK_IL2_STAT5_SIGNALING",2.01481530787295,2.01481530787295,0,3.57167727156932e-08,3.57167727156932e-08,TRUE,TRUE
"no_R8","HALLMARK_PEROXISOME",-2.19703678072698,-2.19703678072698,0,1.21671536478374e-07,1.21671536478374e-07,TRUE,TRUE
"no_R8","HALLMARK_KRAS_SIGNALING_UP",1.95180798317759,1.95180798317759,0,1.36506515125783e-07,1.36506515125783e-07,TRUE,TRUE
"no_R8","HALLMARK_G2M_CHECKPOINT",-1.93496806639156,-1.93496806639156,0,3.44769324830888e-07,3.44769324830888e-07,TRUE,TRUE
"no_R8","HALLMARK_ADIPOGENESIS",-1.93688613059056,-1.93688613059056,0,3.75059211940755e-07,3.75059211940755e-07,TRUE,TRUE
"no_R8","HALLMARK_UNFOLDED_PROTEIN_RESPONSE",-2.08811627320375,-2.08811627320375,0,4.60670953813141e-07,4.60670953813141e-07,TRUE,TRUE
"no_R8","HALLMARK_PROTEIN_SECRETION",-2.15593730192146,-2.15593730192146,0,6.23686039728435e-07,6.23686039728435e-07,TRUE,TRUE
"no_R8","HALLMARK_UV_RESPONSE_DN",1.96690440234291,1.96690440234291,0,8.18189095335037e-07,8.18189095335037e-07,TRUE,TRUE
"no_R8","HALLMARK_IL6_JAK_STAT3_SIGNALING",2.11621553516345,2.11621553516345,0,2.16398907981437e-06,2.16398907981437e-06,TRUE,TRUE
"no_R8","HALLMARK_ESTROGEN_RESPONSE_LATE",-1.81066679611151,-1.81066679611151,0,7.18048147263191e-06,7.18048147263191e-06,TRUE,TRUE
"no_R8","HALLMARK_MYC_TARGETS_V2",-2.10367587403552,-2.10367587403552,0,2.45125522771007e-05,2.45125522771007e-05,TRUE,TRUE
"no_R8","HALLMARK_ANGIOGENESIS",1.9854529421982,1.9854529421982,0,0.000341692376536278,0.000341692376536278,TRUE,TRUE
"no_R8","HALLMARK_HEDGEHOG_SIGNALING",1.89643865760424,1.89643865760424,0,0.000997492999886596,0.000997492999886596,TRUE,TRUE
"no_R8","HALLMARK_COMPLEMENT",1.56362787185272,1.56362787185272,0,0.00148675202578482,0.00148675202578482,TRUE,TRUE
"no_R8","HALLMARK_TGF_BETA_SIGNALING",1.81369415495232,1.81369415495232,0,0.00160504731090514,0.00160504731090514,TRUE,TRUE
"no_R8","HALLMARK_KRAS_SIGNALING_DN",1.60315240429275,1.60315240429275,0,0.00174968482545984,0.00174968482545984,TRUE,TRUE
"no_R8","HALLMARK_INTERFERON_ALPHA_RESPONSE",1.67143031258326,1.67143031258326,0,0.00306384600017201,0.00306384600017201,TRUE,TRUE
"no_R8","HALLMARK_ESTROGEN_RESPONSE_EARLY",-1.48523520299888,-1.48523520299888,0,0.00308926954627253,0.00308926954627253,TRUE,TRUE
"no_R8","HALLMARK_WNT_BETA_CATENIN_SIGNALING",1.73319539956139,1.73319539956139,0,0.00426180201961026,0.00426180201961026,TRUE,TRUE
"no_R8","HALLMARK_APOPTOSIS",1.53268404981047,1.53268404981047,0,0.0046396818249482,0.0046396818249482,TRUE,TRUE
"no_R8","HALLMARK_CHOLESTEROL_HOMEOSTASIS",-1.64177510863073,-1.64177510863073,0,0.0046396818249482,0.0046396818249482,TRUE,TRUE
"no_R8","HALLMARK_APICAL_SURFACE",1.65956286847243,1.65956286847243,0,0.00867574988157353,0.00867574988157353,TRUE,TRUE
"no_R8","HALLMARK_REACTIVE_OXYGEN_SPECIES_PATHWAY",-1.53523014360658,-1.53523014360658,0,0.030006591393902,0.030006591393902,TRUE,TRUE
"no_R8","HALLMARK_ANDROGEN_RESPONSE",-1.3320684941262,-1.3320684941262,0,0.0619153102311207,0.0619153102311207,TRUE,TRUE
"no_R8","HALLMARK_HEME_METABOLISM",-1.22771112601405,-1.22771112601405,0,0.077017726493577,0.077017726493577,TRUE,TRUE
"no_R8","HALLMARK_SPERMATOGENESIS",-1.2574490107193,-1.2574490107193,0,0.0781227667815122,0.0781227667815122,TRUE,TRUE
"no_R8","HALLMARK_PANCREAS_BETA_CELLS",1.34699541982846,1.34699541982846,0,0.106543223483596,0.106543223483596,TRUE,TRUE
"no_R8","HALLMARK_COAGULATION",1.18480947624858,1.18480947624858,0,0.197081516269708,0.197081516269708,TRUE,TRUE
"no_R8","HALLMARK_NOTCH_SIGNALING",1.20334511617853,1.20334511617853,0,0.21655838747293,0.21655838747293,TRUE,TRUE
"no_R8","HALLMARK_HYPOXIA",1.12912681832589,1.12912681832589,0,0.230825598436737,0.230825598436737,TRUE,TRUE
"no_R8","HALLMARK_PI3K_AKT_MTOR_SIGNALING",-1.09996212239532,-1.09996212239532,0,0.284686844471082,0.284686844471082,TRUE,TRUE
"no_R8","HALLMARK_UV_RESPONSE_UP",0.907938878988181,0.907938878988181,0,0.688288022064618,0.688288022064618,TRUE,TRUE
"no_R8","HALLMARK_P53_PATHWAY",0.850168160433525,0.850168160433525,0,0.823910645339217,0.823910645339217,TRUE,TRUE
"no_R8","HALLMARK_MITOTIC_SPINDLE",0.733728279324989,0.733728279324989,0,0.962837837837838,0.962837837837838,TRUE,TRUE
