"Geneid","gene_name","specimen_id","patient_code","tissue","normalized_count","log2_normalized_count_plus1"
"ENSG00000132703","APCS","R18LIV","R18","Liver",69989.6791262044,16.0948751862676
"ENSG00000132703","APCS","R18LUN","R18","Lung",63.1955834453566,6.00440214051127
"ENSG00000132703","APCS","R23LIV","R23","Liver",106.892120424849,6.75344569557292
"ENSG00000132703","APCS","R23LUN","R23","Lung",0,0
"ENSG00000132703","APCS","R33LIV","R33","Liver",1640.960380875,10.6812036011781
"ENSG00000132703","APCS","R33LUN","R33","Lung",2.59221492902188,1.84487367183785
"ENSG00000132703","APCS","R36LIV","R36","Liver",1219.42580547374,10.2531688752922
"ENSG00000132703","APCS","R36LUN","R36","Lung",4.12067915257825,2.35633516668582
"ENSG00000132703","APCS","R49LIV","R49","Liver",74.1108221073185,6.2309488837951
"ENSG00000132703","APCS","R49LUN","R49","Lung",0.994996028990351,0.996385874787656
"ENSG00000132703","APCS","R8LIV","R8","Liver",581.576386881112,9.18630341679382
"ENSG00000132703","APCS","R8LUN","R8","Lung",0,0
"ENSG00000171560","FGA","R18LIV","R18","Liver",1969234.45847447,20.9092041917187
"ENSG00000171560","FGA","R18LUN","R18","Lung",2099.7626876844,11.0366974820667
"ENSG00000171560","FGA","R23LIV","R23","Liver",330.990513245364,8.37499820637881
"ENSG00000171560","FGA","R23LUN","R23","Lung",4.29065765694073,2.40344706816807
"ENSG00000171560","FGA","R33LIV","R33","Liver",5584.17632191467,12.4473871114291
"ENSG00000171560","FGA","R33LUN","R33","Lung",117.513743448992,6.8889105607633
"ENSG00000171560","FGA","R36LIV","R36","Liver",7581.05548602334,12.8883732989546
"ENSG00000171560","FGA","R36LUN","R36","Lung",291.538050044911,8.19248047614909
"ENSG00000171560","FGA","R49LIV","R49","Liver",284.914938323691,8.15944218883606
"ENSG00000171560","FGA","R49LUN","R49","Lung",29.8498808697105,4.94719301314343
"ENSG00000171560","FGA","R8LIV","R8","Liver",2453.07178160336,11.2609617331122
"ENSG00000171560","FGA","R8LUN","R8","Lung",5.19777589927614,2.63175059054077
"ENSG00000171564","FGB","R18LIV","R18","Liver",1520347.95294203,20.5359710606905
"ENSG00000171564","FGB","R18LUN","R18","Lung",1173.29158698549,10.1975749715304
"ENSG00000171564","FGB","R23LIV","R23","Liver",177.215883862249,7.47748211556872
"ENSG00000171564","FGB","R23LUN","R23","Lung",0.858131531388145,0.893852629258235
"ENSG00000171564","FGB","R33LIV","R33","Liver",3210.79554400309,11.6491643415767
"ENSG00000171564","FGB","R33LUN","R33","Lung",1.72814328601459,1.44791941877338
"ENSG00000171564","FGB","R36LIV","R36","Liver",6634.88219357841,12.696072559104
"ENSG00000171564","FGB","R36LUN","R36","Lung",3058.5741010012,11.5791151254436
"ENSG00000171564","FGB","R49LIV","R49","Liver",43.6430396854209,5.48036335659262
"ENSG00000171564","FGB","R49LUN","R49","Lung",7.9599682319228,3.16349361713459
"ENSG00000171564","FGB","R8LIV","R8","Liver",4338.11471279205,12.0831850117222
"ENSG00000171564","FGB","R8LUN","R8","Lung",0,0
"ENSG00000168878","SFTPB","R18LIV","R18","Liver",55.855970326938,5.8292399463587
"ENSG00000168878","SFTPB","R18LUN","R18","Lung",273828.847807728,18.06292018523
"ENSG00000168878","SFTPB","R23LIV","R23","Liver",9.37650179165338,3.3752482477879
"ENSG00000168878","SFTPB","R23LUN","R23","Lung",62704.5291300632,15.9363050394321
"ENSG00000168878","SFTPB","R33LIV","R33","Liver",8.46728782701238,3.24295118398959
"ENSG00000168878","SFTPB","R33LUN","R33","Lung",48521.0790414316,15.5663537469597
"ENSG00000168878","SFTPB","R36LIV","R36","Liver",16.5312908238067,4.13186032010882
"ENSG00000168878","SFTPB","R36LUN","R36","Lung",117.43935584848,6.88800473909474
"ENSG00000168878","SFTPB","R49LIV","R49","Liver",24.7036073691062,4.68389894334552
"ENSG00000168878","SFTPB","R49LUN","R49","Lung",8319.16179838832,13.0223958687331
"ENSG00000168878","SFTPB","R8LIV","R8","Liver",7.74144940939916,3.12787251112005
"ENSG00000168878","SFTPB","R8LUN","R8","Lung",2321.67323501001,11.1815704877154
"ENSG00000168484","SFTPC","R18LIV","R18","Liver",6.44491965310823,2.89625627907094
"ENSG00000168484","SFTPC","R18LUN","R18","Lung",12875.2058498672,13.6524199257996
"ENSG00000168484","SFTPC","R23LIV","R23","Liver",0,0
"ENSG00000168484","SFTPC","R23LUN","R23","Lung",1661.34264476745,10.6990020680682
"ENSG00000168484","SFTPC","R33LIV","R33","Liver",2.54018634810371,1.82382530279678
"ENSG00000168484","SFTPC","R33LUN","R33","Lung",9562.68087316173,13.2233502747714
"ENSG00000168484","SFTPC","R36LIV","R36","Liver",2.91728661596588,1.96985468976555
"ENSG00000168484","SFTPC","R36LUN","R36","Lung",27.8145842799032,4.84872730039546
"ENSG00000168484","SFTPC","R49LIV","R49","Liver",5.76417505279144,2.75791399631297
"ENSG00000168484","SFTPC","R49LUN","R49","Lung",364.168546610468,8.51241869550399
"ENSG00000168484","SFTPC","R8LIV","R8","Liver",1.93536235234979,1.55353860611924
"ENSG00000168484","SFTPC","R8LUN","R8","Lung",83.1644143884182,6.39513847025499
"ENSG00000136352","NKX2-1","R18LIV","R18","Liver",2.14830655103608,1.65457602309679
"ENSG00000136352","NKX2-1","R18LUN","R18","Lung",2977.34663892557,11.5402959583792
"ENSG00000136352","NKX2-1","R23LIV","R23","Liver",0,0
"ENSG00000136352","NKX2-1","R23LUN","R23","Lung",3109.01053821925,11.6027037535745
"ENSG00000136352","NKX2-1","R33LIV","R33","Liver",0,0
"ENSG00000136352","NKX2-1","R33LUN","R33","Lung",1204.51587035217,10.2354349284915
"ENSG00000136352","NKX2-1","R36LIV","R36","Liver",0,0
"ENSG00000136352","NKX2-1","R36LUN","R36","Lung",0,0
"ENSG00000136352","NKX2-1","R49LIV","R49","Liver",2.47036073691062,1.79508563580126
"ENSG00000136352","NKX2-1","R49LUN","R49","Lung",173.129309044321,7.44401524430953
"ENSG00000136352","NKX2-1","R8LIV","R8","Liver",83.2205811510409,6.3961009255218
"ENSG00000136352","NKX2-1","R8LUN","R8","Lung",115.217365767288,6.86068184917504
"ENSG00000157131","C8A","R18LIV","R18","Liver",25878.5007137806,14.6595221636225
"ENSG00000157131","C8A","R18LUN","R18","Lung",33.3863459711318,5.10376391242666
"ENSG00000157131","C8A","R23LIV","R23","Liver",0,0
"ENSG00000157131","C8A","R23LUN","R23","Lung",3.43252612555258,2.14812913447288
"ENSG00000157131","C8A","R33LIV","R33","Liver",59.2710147890867,5.9133924506845
"ENSG00000157131","C8A","R33LUN","R33","Lung",12.9610746451094,3.80333809127007
"ENSG00000157131","C8A","R36LIV","R36","Liver",343.267391811985,8.42738572851293
"ENSG00000157131","C8A","R36LUN","R36","Lung",0,0
"ENSG00000157131","C8A","R49LIV","R49","Liver",1.64690715794041,1.40430759221601
"ENSG00000157131","C8A","R49LUN","R49","Lung",0.994996028990351,0.996385874787656
"ENSG00000157131","C8A","R8LIV","R8","Liver",88.0589870319154,6.47668929736722
"ENSG00000157131","C8A","R8LUN","R8","Lung",0,0
"ENSG00000171243","SOSTDC1","R18LIV","R18","Liver",0,0
"ENSG00000171243","SOSTDC1","R18LUN","R18","Lung",2836.64703804723,11.4704794349742
"ENSG00000171243","SOSTDC1","R23LIV","R23","Liver",0,0
"ENSG00000171243","SOSTDC1","R23LUN","R23","Lung",117.564019800176,6.8895224565617
"ENSG00000171243","SOSTDC1","R33LIV","R33","Liver",21.168219567531,4.47042100021933
"ENSG00000171243","SOSTDC1","R33LUN","R33","Lung",24.1940060042043,4.65500863271542
"ENSG00000171243","SOSTDC1","R36LIV","R36","Liver",1.94485774397725,1.55819794406745
"ENSG00000171243","SOSTDC1","R36LUN","R36","Lung",4.12067915257825,2.35633516668582
"ENSG00000171243","SOSTDC1","R49LIV","R49","Liver",0.823453578970206,0.866673472368328
"ENSG00000171243","SOSTDC1","R49LUN","R49","Lung",20.8949166087974,4.45252404989356
"ENSG00000171243","SOSTDC1","R8LIV","R8","Liver",0,0
"ENSG00000171243","SOSTDC1","R8LUN","R8","Lung",32.0529513788695,5.04670719414082
"ENSG00000163421","PROK2","R18LIV","R18","Liver",189.050976491175,7.57024262763104
"ENSG00000163421","PROK2","R18LUN","R18","Lung",124.006427892775,6.96585847066691
"ENSG00000163421","PROK2","R23LIV","R23","Liver",0,0
"ENSG00000163421","PROK2","R23LUN","R23","Lung",29.1764720671969,4.91535224506381
"ENSG00000163421","PROK2","R33LIV","R33","Liver",19.4747620021285,4.35577477701765
"ENSG00000163421","PROK2","R33LUN","R33","Lung",260.085564545196,8.0283788828342
"ENSG00000163421","PROK2","R36LIV","R36","Liver",0,0
"ENSG00000163421","PROK2","R36LUN","R36","Lung",30.9050936443369,4.99571486335381
"ENSG00000163421","PROK2","R49LIV","R49","Liver",0,0
"ENSG00000163421","PROK2","R49LUN","R49","Lung",4.97498014495175,2.57893391898004
"ENSG00000163421","PROK2","R8LIV","R8","Liver",0,0
"ENSG00000163421","PROK2","R8LUN","R8","Lung",0.866295983212689,0.900177807009858
"ENSG00000288705","UGT1A5","R18LIV","R18","Liver",11815.6860306984,13.5285378704428
"ENSG00000288705","UGT1A5","R18LUN","R18","Lung",19.0779119835039,4.32753733789738
"ENSG00000288705","UGT1A5","R23LIV","R23","Liver",14.0647526874801,3.91310508381876
"ENSG00000288705","UGT1A5","R23LUN","R23","Lung",18.0207621591511,4.24950315082283
"ENSG00000288705","UGT1A5","R33LIV","R33","Liver",51.6504557447755,5.71837411422728
"ENSG00000288705","UGT1A5","R33LUN","R33","Lung",6.04850150105106,2.817316575697
"ENSG00000288705","UGT1A5","R36LIV","R36","Liver",678.755352648062,9.4088717963902
"ENSG00000288705","UGT1A5","R36LUN","R36","Lung",2.06033957628912,1.6136917437177
"ENSG00000288705","UGT1A5","R49LIV","R49","Liver",2.47036073691062,1.79508563580126
"ENSG00000288705","UGT1A5","R49LUN","R49","Lung",0.994996028990351,0.996385874787656
"ENSG00000288705","UGT1A5","R8LIV","R8","Liver",138.37840819301,7.12286327317923
"ENSG00000288705","UGT1A5","R8LUN","R8","Lung",26.8551754795934,4.79987349947427
"ENSG00000135220","UGT2A3","R18LIV","R18","Liver",556.411396718344,9.12259868956297
"ENSG00000135220","UGT2A3","R18LUN","R18","Lung",0,0
"ENSG00000135220","UGT2A3","R23LIV","R23","Liver",31.8801060916215,5.03914304894374
"ENSG00000135220","UGT2A3","R23LUN","R23","Lung",0,0
"ENSG00000135220","UGT2A3","R33LIV","R33","Liver",482.635406139706,8.91777605552052
"ENSG00000135220","UGT2A3","R33LUN","R33","Lung",0,0
"ENSG00000135220","UGT2A3","R36LIV","R36","Liver",143.919473054317,7.17910765486497
"ENSG00000135220","UGT2A3","R36LUN","R36","Lung",0,0
"ENSG00000135220","UGT2A3","R49LIV","R49","Liver",9.88144294764247,3.44379797458007
"ENSG00000135220","UGT2A3","R49LUN","R49","Lung",0,0
"ENSG00000135220","UGT2A3","R8LIV","R8","Liver",83.2205811510409,6.3961009255218
"ENSG00000135220","UGT2A3","R8LUN","R8","Lung",0,0
"ENSG00000172752","COL6A5","R18LIV","R18","Liver",0,0
"ENSG00000172752","COL6A5","R18LUN","R18","Lung",708.267482387582,9.47018599599769
"ENSG00000172752","COL6A5","R23LIV","R23","Liver",0,0
"ENSG00000172752","COL6A5","R23LUN","R23","Lung",322.657455801943,8.33832392808235
"ENSG00000172752","COL6A5","R33LIV","R33","Liver",0,0
"ENSG00000172752","COL6A5","R33LUN","R33","Lung",93.3197374447878,6.55948779722084
"ENSG00000172752","COL6A5","R36LIV","R36","Liver",0,0
"ENSG00000172752","COL6A5","R36LUN","R36","Lung",54.5989987716618,5.79698699797708
"ENSG00000172752","COL6A5","R49LIV","R49","Liver",0,0
"ENSG00000172752","COL6A5","R49LUN","R49","Lung",19.899920579807,4.38542555492863
"ENSG00000172752","COL6A5","R8LIV","R8","Liver",0,0
"ENSG00000172752","COL6A5","R8LUN","R8","Lung",24.2562875299553,4.6585706850918
