"pathway","ensembl_id","gene_name","leading_edge_primary","leading_edge_no_R18","primary_Wald_stat","no_R18_Wald_stat","leading_edge_both"
"HALLMARK_OXIDATIVE_PHOSPHORYLATION","ENSG00000110717","NDUFS8",TRUE,TRUE,-3.99129037883716,-3.34186914319216,TRUE
"HALLMARK_OXIDATIVE_PHOSPHORYLATION","ENSG00000146701","MDH2",TRUE,TRUE,-3.84586431996193,-3.42528866550616,TRUE
"HALLMARK_OXIDATIVE_PHOSPHORYLATION","ENSG00000166347","CYB5A",TRUE,TRUE,-3.68174871705187,-3.58035958384305,TRUE
"HALLMARK_OXIDATIVE_PHOSPHORYLATION","ENSG00000128524","ATP6V1F",TRUE,TRUE,-3.09558531873247,-2.36701773449556,TRUE
"HALLMARK_OXIDATIVE_PHOSPHORYLATION","ENSG00000176340","COX8A",TRUE,TRUE,-3.05558857513875,-2.4388465043638,TRUE
"HALLMARK_OXIDATIVE_PHOSPHORYLATION","ENSG00000115944","COX7A2L",TRUE,TRUE,-3.05443085605924,-2.30224572083135,TRUE
"HALLMARK_OXIDATIVE_PHOSPHORYLATION","ENSG00000004779","NDUFAB1",TRUE,TRUE,-2.92257602560065,-2.3046712716339,TRUE
"HALLMARK_OXIDATIVE_PHOSPHORYLATION","ENSG00000167969","ECI1",TRUE,TRUE,-2.89644645209846,-2.28185650980345,TRUE
"HALLMARK_OXIDATIVE_PHOSPHORYLATION","ENSG00000090266","NDUFB2",TRUE,TRUE,-2.82882185840978,-2.17984864824628,TRUE
"HALLMARK_OXIDATIVE_PHOSPHORYLATION","ENSG00000165629","ATP5F1C",TRUE,TRUE,-2.78898400845803,-2.20345904063941,TRUE
"HALLMARK_OXIDATIVE_PHOSPHORYLATION","ENSG00000128654","MTX2",TRUE,TRUE,-2.77920417070303,-2.17095615942761,TRUE
"HALLMARK_OXIDATIVE_PHOSPHORYLATION","ENSG00000100554","ATP6V1D",TRUE,TRUE,-2.77789429097653,-2.16766451677087,TRUE
"HALLMARK_OXIDATIVE_PHOSPHORYLATION","ENSG00000140740","UQCRC2",TRUE,TRUE,-2.77189555333338,-2.16342722306542,TRUE
"HALLMARK_OXIDATIVE_PHOSPHORYLATION","ENSG00000143252","SDHC",TRUE,TRUE,-2.70025295550411,-2.09745598009616,TRUE
"HALLMARK_OXIDATIVE_PHOSPHORYLATION","ENSG00000241837","ATP5PO",TRUE,TRUE,-2.69371223423194,-2.2504325807937,TRUE
"HALLMARK_OXIDATIVE_PHOSPHORYLATION","ENSG00000267855","NDUFA7",TRUE,TRUE,-2.67483720472427,-2.11146618904673,TRUE
"HALLMARK_OXIDATIVE_PHOSPHORYLATION","ENSG00000099800","TIMM13",TRUE,TRUE,-2.67433221814965,-2.14336510129726,TRUE
"HALLMARK_OXIDATIVE_PHOSPHORYLATION","ENSG00000112695","COX7A2",TRUE,TRUE,-2.65969035144975,-2.06128706697982,TRUE
"HALLMARK_OXIDATIVE_PHOSPHORYLATION","ENSG00000110435","PDHX",TRUE,TRUE,-2.57282782026596,-1.98970029830702,TRUE
"HALLMARK_OXIDATIVE_PHOSPHORYLATION","ENSG00000091483","FH",TRUE,TRUE,-2.52877499653737,-1.89850890111708,TRUE
"HALLMARK_OXIDATIVE_PHOSPHORYLATION","ENSG00000124172","ATP5F1E",TRUE,TRUE,-2.51817792027664,-1.93190579929313,TRUE
"HALLMARK_OXIDATIVE_PHOSPHORYLATION","ENSG00000181991","MRPS11",TRUE,TRUE,-2.51160121753913,-1.91999444115473,TRUE
"HALLMARK_OXIDATIVE_PHOSPHORYLATION","ENSG00000136521","NDUFB5",TRUE,TRUE,-2.49208580683269,-1.89219476783179,TRUE
"HALLMARK_OXIDATIVE_PHOSPHORYLATION","ENSG00000165637","VDAC2",TRUE,TRUE,-2.46965314717179,-1.90314021852437,TRUE
"HALLMARK_OXIDATIVE_PHOSPHORYLATION","ENSG00000113732","ATP6V0E1",TRUE,TRUE,-2.46530019276291,-1.88992533655588,TRUE
"HALLMARK_OXIDATIVE_PHOSPHORYLATION","ENSG00000113013","HSPA9",TRUE,TRUE,-2.41716633668217,-1.8493558052785,TRUE
"HALLMARK_OXIDATIVE_PHOSPHORYLATION","ENSG00000143153","ATP1B1",TRUE,TRUE,-2.36604859193962,-1.80121846849862,TRUE
"HALLMARK_OXIDATIVE_PHOSPHORYLATION","ENSG00000156709","AIFM1",TRUE,TRUE,-2.33080839038021,-1.71160110141993,TRUE
"HALLMARK_OXIDATIVE_PHOSPHORYLATION","ENSG00000154723","ATP5PF",TRUE,TRUE,-2.31482159236245,-1.84858894597788,TRUE
"HALLMARK_OXIDATIVE_PHOSPHORYLATION","ENSG00000107537","PHYH",TRUE,TRUE,-2.30582482765806,-2.08694011382529,TRUE
"HALLMARK_OXIDATIVE_PHOSPHORYLATION","ENSG00000125166","GOT2",TRUE,TRUE,-2.30521085217868,-1.76009027505257,TRUE
"HALLMARK_OXIDATIVE_PHOSPHORYLATION","ENSG00000134375","TIMM17A",TRUE,TRUE,-2.30297089727629,-1.72611804631581,TRUE
"HALLMARK_OXIDATIVE_PHOSPHORYLATION","ENSG00000124588","NQO2",TRUE,TRUE,-2.28435680108272,-1.71349989058168,TRUE
"HALLMARK_OXIDATIVE_PHOSPHORYLATION","ENSG00000138413","IDH1",TRUE,TRUE,-2.2566509129444,-1.70572684858487,TRUE
"HALLMARK_OXIDATIVE_PHOSPHORYLATION","ENSG00000125356","NDUFA1",TRUE,TRUE,-2.20601517093542,-1.72934912197019,TRUE
"HALLMARK_OXIDATIVE_PHOSPHORYLATION","ENSG00000006695","COX10",TRUE,TRUE,-2.20332890414742,-1.59702642979675,TRUE
"HALLMARK_OXIDATIVE_PHOSPHORYLATION","ENSG00000196177","ACADSB",TRUE,TRUE,-2.16145336494826,-1.62299726574996,TRUE
"HALLMARK_OXIDATIVE_PHOSPHORYLATION","ENSG00000178741","COX5A",TRUE,TRUE,-2.14764498545215,-1.55020931718003,TRUE
"HALLMARK_OXIDATIVE_PHOSPHORYLATION","ENSG00000127948","POR",TRUE,TRUE,-2.14503498615581,-1.93647149829867,TRUE
"HALLMARK_OXIDATIVE_PHOSPHORYLATION","ENSG00000111775","COX6A1",TRUE,TRUE,-2.14430943548343,-1.5371965022254,TRUE
"HALLMARK_OXIDATIVE_PHOSPHORYLATION","ENSG00000213619","NDUFS3",TRUE,TRUE,-2.07983191779168,-1.52330916094509,TRUE
"HALLMARK_OXIDATIVE_PHOSPHORYLATION","ENSG00000154518","ATP5MC3",TRUE,TRUE,-2.07753453389288,-1.52980283346494,TRUE
"HALLMARK_OXIDATIVE_PHOSPHORYLATION","ENSG00000167468","GPX4",TRUE,TRUE,-2.07418015617455,-1.50780044326343,TRUE
"HALLMARK_OXIDATIVE_PHOSPHORYLATION","ENSG00000134809","TIMM10",TRUE,TRUE,-2.07360015744029,-1.45806415864818,TRUE
"HALLMARK_OXIDATIVE_PHOSPHORYLATION","ENSG00000127884","ECHS1",TRUE,TRUE,-2.07151709015394,-1.56281471023153,TRUE
"HALLMARK_OXIDATIVE_PHOSPHORYLATION","ENSG00000215021","PHB2",TRUE,TRUE,-2.06193336046948,-1.60748489956545,TRUE
"HALLMARK_OXIDATIVE_PHOSPHORYLATION","ENSG00000117054","ACADM",TRUE,TRUE,-2.04217445697711,-2.02207464280533,TRUE
"HALLMARK_OXIDATIVE_PHOSPHORYLATION","ENSG00000173660","UQCRH",TRUE,TRUE,-2.03621078856382,-1.48227842587055,TRUE
"HALLMARK_OXIDATIVE_PHOSPHORYLATION","ENSG00000178127","NDUFV2",TRUE,TRUE,-2.0352203545803,-1.48419322584712,TRUE
"HALLMARK_OXIDATIVE_PHOSPHORYLATION","ENSG00000130312","MRPL34",TRUE,TRUE,-2.01142779815317,-1.91785178935927,TRUE
"HALLMARK_OXIDATIVE_PHOSPHORYLATION","ENSG00000119013","NDUFB3",TRUE,TRUE,-2.00976378912631,-1.4352303391552,TRUE
"HALLMARK_OXIDATIVE_PHOSPHORYLATION","ENSG00000109519","GRPEL1",TRUE,TRUE,-2.00133159078648,-1.38406323158887,TRUE
"HALLMARK_OXIDATIVE_PHOSPHORYLATION","ENSG00000182054","IDH2",TRUE,TRUE,-1.99750469943219,-1.25166911904065,TRUE
"HALLMARK_OXIDATIVE_PHOSPHORYLATION","ENSG00000172115","CYCS",TRUE,TRUE,-1.99380700183861,-1.42447031642667,TRUE
"HALLMARK_OXIDATIVE_PHOSPHORYLATION","ENSG00000179091","CYC1",TRUE,TRUE,-1.99107197642445,-1.36668580191692,TRUE
"HALLMARK_OXIDATIVE_PHOSPHORYLATION","ENSG00000127540","UQCR11",TRUE,TRUE,-1.9812446013219,-1.48539003891594,TRUE
"HALLMARK_OXIDATIVE_PHOSPHORYLATION","ENSG00000099624","ATP5F1D",TRUE,TRUE,-1.97688611074025,-1.54826620397035,TRUE
"HALLMARK_OXIDATIVE_PHOSPHORYLATION","ENSG00000099795","NDUFB7",TRUE,TRUE,-1.97452228768201,-1.43434343886823,TRUE
"HALLMARK_OXIDATIVE_PHOSPHORYLATION","ENSG00000014641","MDH1",TRUE,TRUE,-1.94890960862216,-1.45261817756949,TRUE
"HALLMARK_OXIDATIVE_PHOSPHORYLATION","ENSG00000148290","SURF1",TRUE,TRUE,-1.93083602464837,-1.41615820366882,TRUE
"HALLMARK_OXIDATIVE_PHOSPHORYLATION","ENSG00000156467","UQCRB",TRUE,TRUE,-1.92503109376874,-1.33094781825472,TRUE
"HALLMARK_OXIDATIVE_PHOSPHORYLATION","ENSG00000158864","NDUFS2",TRUE,TRUE,-1.91996686861454,-1.42190167709043,TRUE
"HALLMARK_OXIDATIVE_PHOSPHORYLATION","ENSG00000135390","ATP5MC2",TRUE,TRUE,-1.91481691482064,-1.38172686043774,TRUE
"HALLMARK_OXIDATIVE_PHOSPHORYLATION","ENSG00000131174","COX7B",TRUE,TRUE,-1.90649834296683,-1.26800702737852,TRUE
"HALLMARK_OXIDATIVE_PHOSPHORYLATION","ENSG00000128626","MRPS12",TRUE,TRUE,-1.89561192940821,-1.26046757208013,TRUE
"HALLMARK_OXIDATIVE_PHOSPHORYLATION","ENSG00000185883","ATP6V0C",TRUE,TRUE,-1.89514177605129,-1.46794964062059,TRUE
"HALLMARK_OXIDATIVE_PHOSPHORYLATION","ENSG00000164405","UQCRQ",TRUE,TRUE,-1.86795973485699,-1.20283933749326,TRUE
"HALLMARK_OXIDATIVE_PHOSPHORYLATION","ENSG00000164258","NDUFS4",TRUE,TRUE,-1.865638056501,-1.28093490234029,TRUE
"HALLMARK_OXIDATIVE_PHOSPHORYLATION","ENSG00000110955","ATP5F1B",TRUE,TRUE,-1.8615479304559,-1.3267460952402,TRUE
"HALLMARK_OXIDATIVE_PHOSPHORYLATION","ENSG00000005022","SLC25A5",TRUE,TRUE,-1.85507290311243,-1.73266376449992,TRUE
"HALLMARK_OXIDATIVE_PHOSPHORYLATION","ENSG00000131143","COX4I1",TRUE,TRUE,-1.82648558611162,-1.27765626752774,TRUE
"HALLMARK_OXIDATIVE_PHOSPHORYLATION","ENSG00000127184","COX7C",TRUE,TRUE,-1.82160418642753,-1.23760605584487,TRUE
"HALLMARK_OXIDATIVE_PHOSPHORYLATION","ENSG00000126267","COX6B1",TRUE,TRUE,-1.81589393529106,-1.28099214571061,TRUE
"HALLMARK_OXIDATIVE_PHOSPHORYLATION","ENSG00000104823","ECH1",TRUE,TRUE,-1.80864992696754,-1.49970727329142,TRUE
"HALLMARK_OXIDATIVE_PHOSPHORYLATION","ENSG00000169021","UQCRFS1",TRUE,TRUE,-1.80027565035238,-1.21705291883471,TRUE
"HALLMARK_OXIDATIVE_PHOSPHORYLATION","ENSG00000116898","MRPS15",TRUE,TRUE,-1.79846259907914,-1.24695064378868,TRUE
"HALLMARK_OXIDATIVE_PHOSPHORYLATION","ENSG00000023228","NDUFS1",TRUE,TRUE,-1.79354285770163,-1.23569797306788,TRUE
"HALLMARK_OXIDATIVE_PHOSPHORYLATION","ENSG00000248098","BCKDHA",TRUE,TRUE,-1.78627404868478,-1.2212172366414,TRUE
"HALLMARK_OXIDATIVE_PHOSPHORYLATION","ENSG00000072506","HSD17B10",TRUE,TRUE,-1.78158394817312,-1.26651651686002,TRUE
"HALLMARK_OXIDATIVE_PHOSPHORYLATION","ENSG00000065518","NDUFB4",TRUE,TRUE,-1.7751484820059,-1.19743194321792,TRUE
"HALLMARK_OXIDATIVE_PHOSPHORYLATION","ENSG00000075239","ACAT1",TRUE,TRUE,-1.7731350863775,-1.49285858725231,TRUE
"HALLMARK_OXIDATIVE_PHOSPHORYLATION","ENSG00000174547","MRPL11",TRUE,TRUE,-1.77241140929614,-1.33584114156848,TRUE
"HALLMARK_OXIDATIVE_PHOSPHORYLATION","ENSG00000138029","HADHB",TRUE,TRUE,-1.76519279607695,-1.2281192623428,TRUE
"HALLMARK_OXIDATIVE_PHOSPHORYLATION","ENSG00000135940","COX5B",TRUE,TRUE,-1.76379114633205,-1.21438294224471,TRUE
"HALLMARK_OXIDATIVE_PHOSPHORYLATION","ENSG00000167792","NDUFV1",TRUE,TRUE,-1.75627880466846,-1.23099637546632,TRUE
"HALLMARK_OXIDATIVE_PHOSPHORYLATION","ENSG00000138495","COX17",TRUE,TRUE,-1.74514447000652,-1.13824087092115,TRUE
"HALLMARK_OXIDATIVE_PHOSPHORYLATION","ENSG00000110090","CPT1A",TRUE,TRUE,-1.74048371973358,-1.79483877479558,TRUE
"HALLMARK_OXIDATIVE_PHOSPHORYLATION","ENSG00000117410","ATP6V0B",TRUE,TRUE,-1.71486856777211,-1.17667905180413,TRUE
"HALLMARK_OXIDATIVE_PHOSPHORYLATION","ENSG00000132313","MRPL35",TRUE,TRUE,-1.71412639614018,-1.13911548211054,TRUE
"HALLMARK_OXIDATIVE_PHOSPHORYLATION","ENSG00000145494","NDUFS6",TRUE,TRUE,-1.69937383737536,-1.14491417911721,TRUE
"HALLMARK_OXIDATIVE_PHOSPHORYLATION","ENSG00000117118","SDHB",TRUE,TRUE,-1.69906880481542,-1.20704591676419,TRUE
"HALLMARK_OXIDATIVE_PHOSPHORYLATION","ENSG00000100216","TOMM22",TRUE,TRUE,-1.6952274028509,-1.2708453349171,TRUE
"HALLMARK_OXIDATIVE_PHOSPHORYLATION","ENSG00000163541","SUCLG1",TRUE,TRUE,-1.68080073959266,-1.10367512635686,TRUE
"HALLMARK_OXIDATIVE_PHOSPHORYLATION","ENSG00000073578","SDHA",TRUE,TRUE,-1.6768902674628,-1.12248450085207,TRUE
"HALLMARK_OXIDATIVE_PHOSPHORYLATION","ENSG00000014919","COX15",TRUE,TRUE,-1.66652523342108,-1.22819202096523,TRUE
"HALLMARK_OXIDATIVE_PHOSPHORYLATION","ENSG00000167863","ATP5PD",TRUE,TRUE,-1.66595265296458,-1.05488003672678,TRUE
"HALLMARK_OXIDATIVE_PHOSPHORYLATION","ENSG00000154174","TOMM70",TRUE,TRUE,-1.6638678087037,-1.38900345743038,TRUE
"HALLMARK_OXIDATIVE_PHOSPHORYLATION","ENSG00000165672","PRDX3",TRUE,TRUE,-1.65658985264552,-1.00524009763774,TRUE
"HALLMARK_OXIDATIVE_PHOSPHORYLATION","ENSG00000131495","NDUFA2",TRUE,TRUE,-1.64176297503104,-1.10695723623201,TRUE
"HALLMARK_OXIDATIVE_PHOSPHORYLATION","ENSG00000148672","GLUD1",TRUE,TRUE,-1.6277227753163,-1.13819331731911,TRUE
"HALLMARK_OXIDATIVE_PHOSPHORYLATION","ENSG00000084754","HADHA",TRUE,TRUE,-1.62083752081917,-1.12134228552518,TRUE
"HALLMARK_OXIDATIVE_PHOSPHORYLATION","ENSG00000241468","ATP5MF",TRUE,TRUE,-1.60103771031989,-0.98245111242045,TRUE
"HALLMARK_OXIDATIVE_PHOSPHORYLATION","ENSG00000170906","NDUFA3",TRUE,TRUE,-1.59521759649691,-1.05668779002938,TRUE
"HALLMARK_OXIDATIVE_PHOSPHORYLATION","ENSG00000072778","ACADVL",TRUE,TRUE,-1.59437168666213,-0.940615232567997,TRUE
"HALLMARK_OXIDATIVE_PHOSPHORYLATION","ENSG00000189043","NDUFA4",TRUE,TRUE,-1.59323618842268,-0.995116872579228,TRUE
"HALLMARK_OXIDATIVE_PHOSPHORYLATION","ENSG00000184076","UQCR10",TRUE,TRUE,-1.58577174760397,-0.935694919512077,TRUE
"HALLMARK_OXIDATIVE_PHOSPHORYLATION","ENSG00000139180","NDUFA9",TRUE,TRUE,-1.58389661681622,-0.988034127154968,TRUE
"HALLMARK_OXIDATIVE_PHOSPHORYLATION","ENSG00000004961","HCCS",TRUE,TRUE,-1.57547132787862,-1.14086820787877,TRUE
"HALLMARK_OXIDATIVE_PHOSPHORYLATION","ENSG00000119711","ALDH6A1",TRUE,TRUE,-1.56866678810353,-0.94455626828525,TRUE
"HALLMARK_OXIDATIVE_PHOSPHORYLATION","ENSG00000104325","DECR1",TRUE,TRUE,-1.54923551339226,-0.872028481398426,TRUE
"HALLMARK_OXIDATIVE_PHOSPHORYLATION","ENSG00000165264","NDUFB6",TRUE,TRUE,-1.53700544494818,-1.03006086717408,TRUE
"HALLMARK_OXIDATIVE_PHOSPHORYLATION","ENSG00000116459","ATP5PB",TRUE,TRUE,-1.53330918483795,-0.936363524263485,TRUE
"HALLMARK_OXIDATIVE_PHOSPHORYLATION","ENSG00000109390","NDUFC1",TRUE,TRUE,-1.51419033498089,-0.893288011700743,TRUE
"HALLMARK_OXIDATIVE_PHOSPHORYLATION","ENSG00000213585","VDAC1",TRUE,TRUE,-1.4714604097347,-0.857271920642043,TRUE
"HALLMARK_OXIDATIVE_PHOSPHORYLATION","ENSG00000131100","ATP6V1E1",TRUE,TRUE,-1.46980912593619,-1.22187446695055,TRUE
"HALLMARK_OXIDATIVE_PHOSPHORYLATION","ENSG00000150779","TIMM8B",TRUE,TRUE,-1.45856448077854,-0.849437842457087,TRUE
"HALLMARK_OXIDATIVE_PHOSPHORYLATION","ENSG00000140374","ETFA",TRUE,TRUE,-1.45572717812456,-0.773616361326191,TRUE
"HALLMARK_OXIDATIVE_PHOSPHORYLATION","ENSG00000137547","MRPL15",TRUE,TRUE,-1.41708270970182,-0.770183547622635,TRUE
"HALLMARK_OXIDATIVE_PHOSPHORYLATION","ENSG00000119689","DLST",TRUE,TRUE,-1.41097306679672,-1.22371125050287,TRUE
"HALLMARK_OXIDATIVE_PHOSPHORYLATION","ENSG00000159199","ATP5MC1",TRUE,TRUE,-1.39501011268472,-0.764629834590177,TRUE
"HALLMARK_OXIDATIVE_PHOSPHORYLATION","ENSG00000100575","TIMM9",TRUE,TRUE,-1.3924310467873,-1.12119724435458,TRUE
"HALLMARK_OXIDATIVE_PHOSPHORYLATION","ENSG00000169020","ATP5ME",TRUE,FALSE,-1.39136666784008,-0.732817052016292,FALSE
"HALLMARK_OXIDATIVE_PHOSPHORYLATION","ENSG00000150768","DLAT",TRUE,TRUE,-1.37563040386063,-0.803655632558213,TRUE
"HALLMARK_OXIDATIVE_PHOSPHORYLATION","ENSG00000164919","COX6C",TRUE,TRUE,-1.37332215965948,-0.824308868492985,TRUE
"HALLMARK_OXIDATIVE_PHOSPHORYLATION","ENSG00000010256","UQCRC1",TRUE,FALSE,-1.3533447706485,-0.703338284725163,FALSE
"HALLMARK_OXIDATIVE_PHOSPHORYLATION","ENSG00000198836","OPA1",TRUE,TRUE,-1.32497650295379,-0.877308373042439,TRUE
"HALLMARK_OXIDATIVE_PHOSPHORYLATION","ENSG00000100412","ACO2",TRUE,TRUE,-1.32203458077078,-0.913032063779443,TRUE
"HALLMARK_OXIDATIVE_PHOSPHORYLATION","ENSG00000126858","RHOT1",TRUE,TRUE,-1.31734806104927,-1.36606742540563,TRUE
"HALLMARK_OXIDATIVE_PHOSPHORYLATION","ENSG00000112992","NNT",TRUE,TRUE,-1.31703606423529,-0.838592584899192,TRUE
"HALLMARK_OXIDATIVE_PHOSPHORYLATION","ENSG00000060762","MPC1",TRUE,FALSE,-1.27986006973405,-0.705266137431373,FALSE
"HALLMARK_OXIDATIVE_PHOSPHORYLATION","ENSG00000115286","NDUFS7",TRUE,FALSE,-1.27019424006451,-0.721698631582408,FALSE
"HALLMARK_OXIDATIVE_PHOSPHORYLATION","ENSG00000105220","GPI",TRUE,FALSE,-1.25603327536058,-0.531337455995881,FALSE
"HALLMARK_OXIDATIVE_PHOSPHORYLATION","ENSG00000128609","NDUFA5",TRUE,FALSE,-1.24762667805385,-0.592682234827948,FALSE
"HALLMARK_OXIDATIVE_PHOSPHORYLATION","ENSG00000078668","VDAC3",TRUE,FALSE,-1.23693322303696,-0.643701221346869,FALSE
"HALLMARK_OXIDATIVE_PHOSPHORYLATION","ENSG00000075415","SLC25A3",TRUE,TRUE,-1.18581276432729,-0.834462941299395,TRUE
"HALLMARK_OXIDATIVE_PHOSPHORYLATION","ENSG00000184983","NDUFA6",TRUE,FALSE,-1.18499348715115,-0.461061337947265,FALSE
"HALLMARK_OXIDATIVE_PHOSPHORYLATION","ENSG00000132305","IMMT",TRUE,FALSE,-1.18402161125512,-0.753098429134113,FALSE
"HALLMARK_OXIDATIVE_PHOSPHORYLATION","ENSG00000136143","SUCLA2",TRUE,TRUE,-1.17967263213418,-0.914016731165449,TRUE
"HALLMARK_OXIDATIVE_PHOSPHORYLATION","ENSG00000062485","CS",TRUE,TRUE,-1.17416787845834,-2.5955757461532,TRUE
"HALLMARK_OXIDATIVE_PHOSPHORYLATION","ENSG00000155097","ATP6V1C1",TRUE,TRUE,-1.16559180456399,-0.765798548071154,TRUE
"HALLMARK_OXIDATIVE_PHOSPHORYLATION","ENSG00000119421","NDUFA8",TRUE,FALSE,-1.1516359818222,-0.51781335991004,FALSE
"HALLMARK_OXIDATIVE_PHOSPHORYLATION","ENSG00000047249","ATP6V1H",FALSE,TRUE,-1.07497555359919,-0.951174162635075,FALSE
"HALLMARK_OXIDATIVE_PHOSPHORYLATION","ENSG00000138095","LRPPRC",FALSE,TRUE,-0.902090775224405,-0.96855807589725,FALSE
"HALLMARK_OXIDATIVE_PHOSPHORYLATION","ENSG00000140983","RHOT2",FALSE,TRUE,-0.880949575541274,-0.979003841858137,FALSE
"HALLMARK_OXIDATIVE_PHOSPHORYLATION","ENSG00000164951","PDP1",FALSE,TRUE,-0.832292873126833,-2.03062899007435,FALSE
"HALLMARK_OXIDATIVE_PHOSPHORYLATION","ENSG00000042445","RETSAT",FALSE,TRUE,-0.819346439401113,-0.80155853543485,FALSE
"HALLMARK_OXIDATIVE_PHOSPHORYLATION","ENSG00000169100","SLC25A6",FALSE,TRUE,-0.677535149519765,-0.801947295196148,FALSE
"HALLMARK_MYC_TARGETS_V1","ENSG00000100902","PSMA6",TRUE,TRUE,-4.03157733870912,-3.411217981819,TRUE
"HALLMARK_MYC_TARGETS_V1","ENSG00000100519","PSMC6",TRUE,TRUE,-3.91429202056486,-3.18059084293271,TRUE
"HALLMARK_MYC_TARGETS_V1","ENSG00000165704","HPRT1",TRUE,TRUE,-3.56909100542777,-3.05679244660641,TRUE
"HALLMARK_MYC_TARGETS_V1","ENSG00000181163","NPM1",TRUE,TRUE,-3.19918599702921,-2.64888444317331,TRUE
"HALLMARK_MYC_TARGETS_V1","ENSG00000115233","PSMD14",TRUE,TRUE,-3.14622995378409,-2.50225434461366,TRUE
"HALLMARK_MYC_TARGETS_V1","ENSG00000004779","NDUFAB1",TRUE,TRUE,-2.92257602560065,-2.3046712716339,TRUE
"HALLMARK_MYC_TARGETS_V1","ENSG00000108561","C1QBP",TRUE,TRUE,-2.89141787382069,-2.28078973323295,TRUE
"HALLMARK_MYC_TARGETS_V1","ENSG00000048162","NOP16",TRUE,TRUE,-2.83825932196095,-2.23945581380708,TRUE
"HALLMARK_MYC_TARGETS_V1","ENSG00000166226","CCT2",TRUE,TRUE,-2.78555272414847,-2.84266721271775,TRUE
"HALLMARK_MYC_TARGETS_V1","ENSG00000101182","PSMA7",TRUE,TRUE,-2.7736756974157,-2.34305279561081,TRUE
"HALLMARK_MYC_TARGETS_V1","ENSG00000196591","HDAC2",TRUE,TRUE,-2.63955052721787,-2.59919544517688,TRUE
"HALLMARK_MYC_TARGETS_V1","ENSG00000143727","ACP1",TRUE,TRUE,-2.61845566713107,-2.00997129255605,TRUE
"HALLMARK_MYC_TARGETS_V1","ENSG00000106588","PSMA2",TRUE,TRUE,-2.60897895023658,-2.03680908741905,TRUE
"HALLMARK_MYC_TARGETS_V1","ENSG00000144381","HSPD1",TRUE,TRUE,-2.55933531558455,-2.04244840944418,TRUE
"HALLMARK_MYC_TARGETS_V1","ENSG00000096063","SRPK1",TRUE,TRUE,-2.55635665121041,-2.60341671300821,TRUE
"HALLMARK_MYC_TARGETS_V1","ENSG00000065427","KARS1",TRUE,TRUE,-2.52233753937994,-2.07357953489999,TRUE
"HALLMARK_MYC_TARGETS_V1","ENSG00000110958","PTGES3",TRUE,TRUE,-2.39294551836889,-2.20892973500598,TRUE
"HALLMARK_MYC_TARGETS_V1","ENSG00000108953","YWHAE",TRUE,TRUE,-2.3666370405481,-2.11352034808068,TRUE
"HALLMARK_MYC_TARGETS_V1","ENSG00000125977","EIF2S2",TRUE,TRUE,-2.33351944472799,-2.03247731113145,TRUE
"HALLMARK_MYC_TARGETS_V1","ENSG00000125166","GOT2",TRUE,TRUE,-2.30521085217868,-1.76009027505257,TRUE
"HALLMARK_MYC_TARGETS_V1","ENSG00000141759","TXNL4A",TRUE,TRUE,-2.29596899098548,-1.80978356282669,TRUE
"HALLMARK_MYC_TARGETS_V1","ENSG00000127022","CANX",TRUE,TRUE,-2.28719713242101,-1.92208659035275,TRUE
"HALLMARK_MYC_TARGETS_V1","ENSG00000041357","PSMA4",TRUE,TRUE,-2.24665089774228,-1.74263458705833,TRUE
"HALLMARK_MYC_TARGETS_V1","ENSG00000124767","GLO1",TRUE,TRUE,-2.23603416109915,-1.83533457669581,TRUE
"HALLMARK_MYC_TARGETS_V1","ENSG00000184575","XPOT",TRUE,TRUE,-2.21333065328412,-2.52919166989241,TRUE
"HALLMARK_MYC_TARGETS_V1","ENSG00000121022","COPS5",TRUE,TRUE,-2.20096719451179,-1.85479389880612,TRUE
"HALLMARK_MYC_TARGETS_V1","ENSG00000167088","SNRPD1",TRUE,TRUE,-2.18245114882971,-1.61333370314502,TRUE
"HALLMARK_MYC_TARGETS_V1","ENSG00000125743","SNRPD2",TRUE,TRUE,-2.15874094137293,-1.68178068687672,TRUE
"HALLMARK_MYC_TARGETS_V1","ENSG00000178741","COX5A",TRUE,TRUE,-2.14764498545215,-1.55020931718003,TRUE
"HALLMARK_MYC_TARGETS_V1","ENSG00000145912","NHP2",TRUE,TRUE,-2.14656012611743,-2.4394010681499,TRUE
"HALLMARK_MYC_TARGETS_V1","ENSG00000119318","RAD23B",TRUE,TRUE,-2.14636762344283,-1.60870936838534,TRUE
"HALLMARK_MYC_TARGETS_V1","ENSG00000103035","PSMD7",TRUE,TRUE,-2.14046992718494,-1.69934784237947,TRUE
"HALLMARK_MYC_TARGETS_V1","ENSG00000143321","HDGF",TRUE,TRUE,-2.10635194891355,-2.43396738167754,TRUE
"HALLMARK_MYC_TARGETS_V1","ENSG00000163468","CCT3",TRUE,TRUE,-2.10346189534621,-1.98809949455772,TRUE
"HALLMARK_MYC_TARGETS_V1","ENSG00000013275","PSMC4",TRUE,TRUE,-2.10297401498364,-1.54534420971966,TRUE
"HALLMARK_MYC_TARGETS_V1","ENSG00000100632","ERH",TRUE,TRUE,-2.09405656607065,-1.64625500823679,TRUE
"HALLMARK_MYC_TARGETS_V1","ENSG00000215021","PHB2",TRUE,TRUE,-2.06193336046948,-1.60748489956545,TRUE
"HALLMARK_MYC_TARGETS_V1","ENSG00000204628","RACK1",TRUE,TRUE,-2.05851516253806,-1.67536437780313,TRUE
"HALLMARK_MYC_TARGETS_V1","ENSG00000126261","UBA2",TRUE,TRUE,-2.04454058755357,-1.57127633063365,TRUE
"HALLMARK_MYC_TARGETS_V1","ENSG00000143436","MRPL9",TRUE,TRUE,-2.03590757241997,-1.6608732483243,TRUE
"HALLMARK_MYC_TARGETS_V1","ENSG00000179091","CYC1",TRUE,TRUE,-1.99107197642445,-1.36668580191692,TRUE
"HALLMARK_MYC_TARGETS_V1","ENSG00000167085","PHB1",TRUE,TRUE,-1.98523770955473,-1.53265194685709,TRUE
"HALLMARK_MYC_TARGETS_V1","ENSG00000188846","RPL14",TRUE,TRUE,-1.98241106235981,-1.44016091932678,TRUE
"HALLMARK_MYC_TARGETS_V1","ENSG00000171490","RSL1D1",TRUE,TRUE,-1.97104305408384,-1.77837607654585,TRUE
"HALLMARK_MYC_TARGETS_V1","ENSG00000135446","CDK4",TRUE,TRUE,-1.95428459040684,-1.78740281412246,TRUE
"HALLMARK_MYC_TARGETS_V1","ENSG00000101911","PRPS2",TRUE,TRUE,-1.94726274735526,-2.17237321675255,TRUE
"HALLMARK_MYC_TARGETS_V1","ENSG00000099341","PSMD8",TRUE,TRUE,-1.93941902585143,-1.55983971740347,TRUE
"HALLMARK_MYC_TARGETS_V1","ENSG00000140988","RPS2",TRUE,TRUE,-1.93573602055303,-1.97576400264618,TRUE
"HALLMARK_MYC_TARGETS_V1","ENSG00000142864","SERBP1",TRUE,TRUE,-1.90794345298256,-1.61220831414812,TRUE
"HALLMARK_MYC_TARGETS_V1","ENSG00000130332","LSM7",TRUE,TRUE,-1.88304532031793,-1.51895690308608,TRUE
"HALLMARK_MYC_TARGETS_V1","ENSG00000132341","RAN",TRUE,TRUE,-1.87283464113216,-1.61841010737899,TRUE
"HALLMARK_MYC_TARGETS_V1","ENSG00000135486","HNRNPA1",TRUE,TRUE,-1.8694784720937,-1.9905847372878,TRUE
"HALLMARK_MYC_TARGETS_V1","ENSG00000143977","SNRPG",TRUE,TRUE,-1.84476125285275,-1.28733619069791,TRUE
"HALLMARK_MYC_TARGETS_V1","ENSG00000125870","SNRPB2",TRUE,TRUE,-1.82355094778634,-1.31523975136763,TRUE
"HALLMARK_MYC_TARGETS_V1","ENSG00000111906","HDDC2",TRUE,TRUE,-1.81775561591752,-2.82369135240458,TRUE
"HALLMARK_MYC_TARGETS_V1","ENSG00000115541","HSPE1",TRUE,TRUE,-1.81568266742696,-1.17015415030672,TRUE
"HALLMARK_MYC_TARGETS_V1","ENSG00000104131","EIF3J",TRUE,TRUE,-1.801331552909,-1.32244525410251,TRUE
"HALLMARK_MYC_TARGETS_V1","ENSG00000119335","SET",TRUE,TRUE,-1.79180570667074,-2.12293828211795,TRUE
"HALLMARK_MYC_TARGETS_V1","ENSG00000106628","POLD2",TRUE,TRUE,-1.76260900152653,-1.70604237991493,TRUE
"HALLMARK_MYC_TARGETS_V1","ENSG00000120438","TCP1",TRUE,TRUE,-1.7578783372518,-1.52903472419041,TRUE
"HALLMARK_MYC_TARGETS_V1","ENSG00000063177","RPL18",TRUE,TRUE,-1.75536670144984,-1.22305350740517,TRUE
"HALLMARK_MYC_TARGETS_V1","ENSG00000138385","SSB",TRUE,TRUE,-1.75519046264698,-1.25581952202487,TRUE
"HALLMARK_MYC_TARGETS_V1","ENSG00000092199","HNRNPC",TRUE,TRUE,-1.73426321756592,-1.25609657908436,TRUE
"HALLMARK_MYC_TARGETS_V1","ENSG00000122565","CBX3",TRUE,TRUE,-1.72347683113763,-1.29518931536439,TRUE
"HALLMARK_MYC_TARGETS_V1","ENSG00000106028","SSBP1",TRUE,TRUE,-1.72113001035424,-1.21092131168092,TRUE
"HALLMARK_MYC_TARGETS_V1","ENSG00000106305","AIMP2",TRUE,TRUE,-1.70402276729415,-1.28836786516276,TRUE
"HALLMARK_MYC_TARGETS_V1","ENSG00000154174","TOMM70",TRUE,TRUE,-1.6638678087037,-1.38900345743038,TRUE
"HALLMARK_MYC_TARGETS_V1","ENSG00000165672","PRDX3",TRUE,TRUE,-1.65658985264552,-1.00524009763774,TRUE
"HALLMARK_MYC_TARGETS_V1","ENSG00000136628","EPRS1",TRUE,TRUE,-1.65466133131177,-1.95475349409045,TRUE
"HALLMARK_MYC_TARGETS_V1","ENSG00000178952","TUFM",TRUE,TRUE,-1.65354281645085,-1.28296916005064,TRUE
"HALLMARK_MYC_TARGETS_V1","ENSG00000183207","RUVBL2",TRUE,TRUE,-1.65183380843729,-1.30542650523508,TRUE
"HALLMARK_MYC_TARGETS_V1","ENSG00000150753","CCT5",TRUE,TRUE,-1.65089752089344,-1.9923624304188,TRUE
"HALLMARK_MYC_TARGETS_V1","ENSG00000126067","PSMB2",TRUE,TRUE,-1.63227357270312,-1.22338811825374,TRUE
"HALLMARK_MYC_TARGETS_V1","ENSG00000173692","PSMD1",TRUE,TRUE,-1.62366984664274,-1.85482240126197,TRUE
"HALLMARK_MYC_TARGETS_V1","ENSG00000196262","PPIA",TRUE,TRUE,-1.62325537429821,-1.07008603839622,TRUE
"HALLMARK_MYC_TARGETS_V1","ENSG00000204568","MRPS18B",TRUE,TRUE,-1.60682209912148,-1.04187241166851,TRUE
"HALLMARK_MYC_TARGETS_V1","ENSG00000161960","EIF4A1",TRUE,TRUE,-1.60172332719535,-1.38281324786424,TRUE
"HALLMARK_MYC_TARGETS_V1","ENSG00000103342","GSPT1",TRUE,TRUE,-1.56951530167871,-1.6239699438567,TRUE
"HALLMARK_MYC_TARGETS_V1","ENSG00000173473","SMARCC1",TRUE,TRUE,-1.55306693329325,-2.47984124113304,TRUE
"HALLMARK_MYC_TARGETS_V1","ENSG00000163918","RFC4",TRUE,TRUE,-1.55189506858006,-1.18408694773244,TRUE
"HALLMARK_MYC_TARGETS_V1","ENSG00000164109","MAD2L1",TRUE,TRUE,-1.54718526023226,-1.1307833127132,TRUE
"HALLMARK_MYC_TARGETS_V1","ENSG00000089157","RPLP0",TRUE,TRUE,-1.52062587130913,-1.51000366167603,TRUE
"HALLMARK_MYC_TARGETS_V1","ENSG00000100823","APEX1",TRUE,TRUE,-1.50710494141163,-1.34023558912077,TRUE
"HALLMARK_MYC_TARGETS_V1","ENSG00000073111","MCM2",TRUE,TRUE,-1.49511077093378,-1.00500284606288,TRUE
"HALLMARK_MYC_TARGETS_V1","ENSG00000205937","RNPS1",TRUE,TRUE,-1.47631872231197,-1.88052303329378,TRUE
"HALLMARK_MYC_TARGETS_V1","ENSG00000123131","PRDX4",TRUE,FALSE,-1.47418602045367,-0.74490232082889,FALSE
"HALLMARK_MYC_TARGETS_V1","ENSG00000213585","VDAC1",TRUE,FALSE,-1.4714604097347,-0.857271920642043,FALSE
"HALLMARK_MYC_TARGETS_V1","ENSG00000108344","PSMD3",TRUE,TRUE,-1.46376340770538,-1.46405064601866,TRUE
"HALLMARK_MYC_TARGETS_V1","ENSG00000100028","SNRPD3",TRUE,TRUE,-1.45292740717866,-0.964513290261945,TRUE
"HALLMARK_MYC_TARGETS_V1","ENSG00000102144","PGK1",TRUE,FALSE,-1.44531148334619,-0.806631846547476,FALSE
"HALLMARK_MYC_TARGETS_V1","ENSG00000239672","NME1",TRUE,TRUE,-1.43485554713354,-1.07979088384522,TRUE
"HALLMARK_MYC_TARGETS_V1","ENSG00000277791","PSMB3",TRUE,TRUE,-1.41728941955216,-0.913675620401123,TRUE
"HALLMARK_MYC_TARGETS_V1","ENSG00000115484","CCT4",TRUE,TRUE,-1.38338215691427,-1.671808976406,TRUE
"HALLMARK_MYC_TARGETS_V1","ENSG00000129084","PSMA1",TRUE,TRUE,-1.38322722441769,-0.963263594731504,TRUE
"HALLMARK_MYC_TARGETS_V1","ENSG00000131876","SNRPA1",TRUE,TRUE,-1.38238171915977,-1.10498726391837,TRUE
"HALLMARK_MYC_TARGETS_V1","ENSG00000153187","HNRNPU",TRUE,TRUE,-1.36090077539652,-1.45239988138442,TRUE
"HALLMARK_MYC_TARGETS_V1","ENSG00000143621","ILF2",TRUE,TRUE,-1.36070199938957,-1.69951657504148,TRUE
"HALLMARK_MYC_TARGETS_V1","ENSG00000204392","LSM2",TRUE,TRUE,-1.31761787598348,-1.17551656308677,TRUE
"HALLMARK_MYC_TARGETS_V1","ENSG00000099901","RANBP1",TRUE,TRUE,-1.311735558776,-0.909553048225764,TRUE
"HALLMARK_MYC_TARGETS_V1","ENSG00000170515","PA2G4",TRUE,TRUE,-1.30528948225413,-1.5909423549477,TRUE
"HALLMARK_MYC_TARGETS_V1","ENSG00000096384","HSP90AB1",TRUE,TRUE,-1.29261342135974,-1.95554392147056,TRUE
"HALLMARK_MYC_TARGETS_V1","ENSG00000124795","DEK",TRUE,TRUE,-1.28273078531494,-0.944086409454581,TRUE
"HALLMARK_MYC_TARGETS_V1","ENSG00000135316","SYNCRIP",TRUE,TRUE,-1.26265114991703,-1.35879793363036,TRUE
"HALLMARK_MYC_TARGETS_V1","ENSG00000078668","VDAC3",TRUE,FALSE,-1.23693322303696,-0.643701221346869,FALSE
"HALLMARK_MYC_TARGETS_V1","ENSG00000106682","EIF4H",TRUE,TRUE,-1.22115973844269,-1.65627122003658,TRUE
"HALLMARK_MYC_TARGETS_V1","ENSG00000089009","RPL6",TRUE,TRUE,-1.21780460256906,-0.901482191180671,TRUE
"HALLMARK_MYC_TARGETS_V1","ENSG00000083845","RPS5",TRUE,TRUE,-1.21456014507054,-1.17669734353347,TRUE
"HALLMARK_MYC_TARGETS_V1","ENSG00000114503","NCBP2",TRUE,TRUE,-1.19499787316759,-1.41218634158794,TRUE
"HALLMARK_MYC_TARGETS_V1","ENSG00000075415","SLC25A3",TRUE,FALSE,-1.18581276432729,-0.834462941299395,FALSE
"HALLMARK_MYC_TARGETS_V1","ENSG00000214026","MRPL23",TRUE,FALSE,-1.18488198942484,-0.545649277272929,FALSE
"HALLMARK_MYC_TARGETS_V1","ENSG00000136045","PWP1",TRUE,TRUE,-1.18218768956478,-0.952018517669078,TRUE
"HALLMARK_MYC_TARGETS_V1","ENSG00000169564","PCBP1",TRUE,FALSE,-1.1786057346032,-0.556021820100242,FALSE
"HALLMARK_MYC_TARGETS_V1","ENSG00000177879","AP3S1",TRUE,FALSE,-1.15445035137971,-0.516436873265854,FALSE
"HALLMARK_MYC_TARGETS_V1","ENSG00000074201","CLNS1A",TRUE,FALSE,-1.12939796254532,-0.586725297539562,FALSE
"HALLMARK_MYC_TARGETS_V1","ENSG00000196419","XRCC6",TRUE,TRUE,-1.12320848932469,-1.16383326173455,TRUE
"HALLMARK_MYC_TARGETS_V1","ENSG00000135624","CCT7",TRUE,TRUE,-1.07891166560351,-1.35856550688333,TRUE
"HALLMARK_MYC_TARGETS_V1","ENSG00000106263","EIF3B",TRUE,TRUE,-1.07607495737911,-1.17650263268079,TRUE
"HALLMARK_MYC_TARGETS_V1","ENSG00000122566","HNRNPA2B1",TRUE,TRUE,-1.05668044117976,-1.06018812283702,TRUE
"HALLMARK_MYC_TARGETS_V1","ENSG00000198176","TFDP1",TRUE,FALSE,-1.04429308026696,-0.793921146516144,FALSE
"HALLMARK_MYC_TARGETS_V1","ENSG00000169714","CNBP",TRUE,FALSE,-1.01715688218497,-0.665475656628844,FALSE
"HALLMARK_MYC_TARGETS_V1","ENSG00000077312","SNRPA",TRUE,TRUE,-1.01187882416922,-0.931001796820759,TRUE
"HALLMARK_MYC_TARGETS_V1","ENSG00000134001","EIF2S1",TRUE,TRUE,-0.99843712233042,-1.1930221538689,TRUE
"HALLMARK_MYC_TARGETS_V1","ENSG00000155959","VBP1",TRUE,FALSE,-0.993652275026711,-0.64967954052011,FALSE
"HALLMARK_MYC_TARGETS_V1","ENSG00000164032","H2AZ1",FALSE,TRUE,-0.939485798339131,-1.16385689415762,FALSE
"HALLMARK_MYC_TARGETS_V1","ENSG00000120705","ETF1",FALSE,TRUE,-0.881348744589556,-1.28142714763133,FALSE
"HALLMARK_MYC_TARGETS_V1","ENSG00000134308","YWHAQ",FALSE,TRUE,-0.879231913151355,-1.19258456183278,FALSE
"HALLMARK_MYC_TARGETS_V1","ENSG00000149273","RPS3",FALSE,TRUE,-0.852855915561185,-0.959905975835022,FALSE
"HALLMARK_MYC_TARGETS_V1","ENSG00000048828","FAM120A",FALSE,TRUE,-0.85136441064472,-1.12016008840271,FALSE
"HALLMARK_MYC_TARGETS_V1","ENSG00000189091","SF3B3",FALSE,TRUE,-0.833582812868757,-1.69041251997295,FALSE
"HALLMARK_MYC_TARGETS_V1","ENSG00000070756","PABPC1",FALSE,TRUE,-0.779303378291175,-0.978754064850932,FALSE
"HALLMARK_MYC_TARGETS_V1","ENSG00000136450","SRSF1",FALSE,TRUE,-0.670813771728071,-1.19651536664998,FALSE
"HALLMARK_MYC_TARGETS_V1","ENSG00000196305","IARS1",FALSE,TRUE,-0.657454209083487,-0.945088348751954,FALSE
"HALLMARK_MYC_TARGETS_V1","ENSG00000115241","PPM1G",FALSE,TRUE,-0.644092455023491,-1.02092623152558,FALSE
"HALLMARK_MYC_TARGETS_V1","ENSG00000165732","DDX21",FALSE,TRUE,-0.632242399069203,-0.99505486953074,FALSE
"HALLMARK_MYC_TARGETS_V1","ENSG00000084774","CAD",FALSE,TRUE,-0.588990950860143,-1.18526780641599,FALSE
"HALLMARK_MYC_TARGETS_V1","ENSG00000187109","NAP1L1",FALSE,TRUE,-0.573058906110476,-1.16801880085762,FALSE
"HALLMARK_MYC_TARGETS_V1","ENSG00000108424","KPNB1",FALSE,TRUE,-0.551064142851194,-1.0062807466702,FALSE
"HALLMARK_MYC_TARGETS_V1","ENSG00000166197","NOLC1",FALSE,TRUE,-0.504192752068865,-1.07016397255396,FALSE
"HALLMARK_MYC_TARGETS_V1","ENSG00000170144","HNRNPA3",FALSE,TRUE,-0.473757069051004,-0.952294792331517,FALSE
"HALLMARK_MYC_TARGETS_V1","ENSG00000130726","TRIM28",FALSE,TRUE,-0.224255498323255,-0.935088388083807,FALSE
"HALLMARK_INFLAMMATORY_RESPONSE","ENSG00000007908","SELE",TRUE,TRUE,5.95269837367676,7.23686526421404,TRUE
"HALLMARK_INFLAMMATORY_RESPONSE","ENSG00000047936","ROS1",TRUE,TRUE,5.71253916149656,4.59579967517227,TRUE
"HALLMARK_INFLAMMATORY_RESPONSE","ENSG00000177272","KCNA3",TRUE,TRUE,5.04924192468463,4.22204120158205,TRUE
"HALLMARK_INFLAMMATORY_RESPONSE","ENSG00000006210","CX3CL1",TRUE,TRUE,5.04159720991418,5.07592611156082,TRUE
"HALLMARK_INFLAMMATORY_RESPONSE","ENSG00000168685","IL7R",TRUE,TRUE,4.8625262766363,4.568439943815,TRUE
"HALLMARK_INFLAMMATORY_RESPONSE","ENSG00000108342","CSF3",TRUE,TRUE,4.43205156556376,4.34747500251303,TRUE
"HALLMARK_INFLAMMATORY_RESPONSE","ENSG00000198121","LPAR1",TRUE,TRUE,4.42908380116051,3.67445996137483,TRUE
"HALLMARK_INFLAMMATORY_RESPONSE","ENSG00000077238","IL4R",TRUE,TRUE,4.41454127060467,4.02507251016824,TRUE
"HALLMARK_INFLAMMATORY_RESPONSE","ENSG00000163421","PROK2",TRUE,TRUE,4.00677166190458,5.16510358677733,TRUE
"HALLMARK_INFLAMMATORY_RESPONSE","ENSG00000078081","LAMP3",TRUE,TRUE,3.96262320138832,3.09640187922865,TRUE
"HALLMARK_INFLAMMATORY_RESPONSE","ENSG00000110848","CD69",TRUE,TRUE,3.8758871510561,5.5112558542562,TRUE
"HALLMARK_INFLAMMATORY_RESPONSE","ENSG00000119535","CSF3R",TRUE,TRUE,3.77611168548852,4.06632577116129,TRUE
"HALLMARK_INFLAMMATORY_RESPONSE","ENSG00000115353","TACR1",TRUE,TRUE,3.71529105594335,3.09866305685705,TRUE
"HALLMARK_INFLAMMATORY_RESPONSE","ENSG00000162493","PDPN",TRUE,TRUE,3.62380789046636,2.83765898983134,TRUE
"HALLMARK_INFLAMMATORY_RESPONSE","ENSG00000196352","CD55",TRUE,TRUE,3.35315785045283,3.02065139807225,TRUE
"HALLMARK_INFLAMMATORY_RESPONSE","ENSG00000100385","IL2RB",TRUE,TRUE,3.32365199832121,5.04462013935308,TRUE
"HALLMARK_INFLAMMATORY_RESPONSE","ENSG00000182866","LCK",TRUE,TRUE,3.24146107226403,4.76098712239086,TRUE
"HALLMARK_INFLAMMATORY_RESPONSE","ENSG00000106178","CCL24",TRUE,TRUE,3.18873673606076,2.93140018380216,TRUE
"HALLMARK_INFLAMMATORY_RESPONSE","ENSG00000188404","SELL",TRUE,TRUE,3.1260048371219,3.9596158917109,TRUE
"HALLMARK_INFLAMMATORY_RESPONSE","ENSG00000196639","HRH1",TRUE,TRUE,3.1057534993366,3.06930361120978,TRUE
"HALLMARK_INFLAMMATORY_RESPONSE","ENSG00000105371","ICAM4",TRUE,TRUE,3.00854534453602,4.34727156886984,TRUE
"HALLMARK_INFLAMMATORY_RESPONSE","ENSG00000138755","CXCL9",TRUE,TRUE,2.96023684875356,4.78141966989713,TRUE
"HALLMARK_INFLAMMATORY_RESPONSE","ENSG00000101017","CD40",TRUE,TRUE,2.94935064159417,3.00554427258126,TRUE
"HALLMARK_INFLAMMATORY_RESPONSE","ENSG00000175040","CHST2",TRUE,TRUE,2.92166629908537,2.690060925222,TRUE
"HALLMARK_INFLAMMATORY_RESPONSE","ENSG00000115604","IL18R1",TRUE,TRUE,2.86275845703894,2.97266981449937,TRUE
"HALLMARK_INFLAMMATORY_RESPONSE","ENSG00000019169","MARCO",TRUE,TRUE,2.81552175641263,4.28173430000878,TRUE
"HALLMARK_INFLAMMATORY_RESPONSE","ENSG00000115607","IL18RAP",TRUE,TRUE,2.77788291335139,3.02509470309949,TRUE
"HALLMARK_INFLAMMATORY_RESPONSE","ENSG00000160013","PTGIR",TRUE,TRUE,2.77782599769851,2.14108757912303,TRUE
"HALLMARK_INFLAMMATORY_RESPONSE","ENSG00000174600","CMKLR1",TRUE,TRUE,2.74795267747329,2.95398524108071,TRUE
"HALLMARK_INFLAMMATORY_RESPONSE","ENSG00000259207","ITGB3",TRUE,TRUE,2.73211467466543,3.47283292584064,TRUE
"HALLMARK_INFLAMMATORY_RESPONSE","ENSG00000157227","MMP14",TRUE,TRUE,2.65368173440272,2.12447565610649,TRUE
"HALLMARK_INFLAMMATORY_RESPONSE","ENSG00000147257","GPC3",TRUE,TRUE,2.64159276255796,1.86583692022586,TRUE
"HALLMARK_INFLAMMATORY_RESPONSE","ENSG00000064989","CALCRL",TRUE,TRUE,2.62950955189296,1.95404803334911,TRUE
"HALLMARK_INFLAMMATORY_RESPONSE","ENSG00000134470","IL15RA",TRUE,TRUE,2.62161293063855,2.56782630028603,TRUE
"HALLMARK_INFLAMMATORY_RESPONSE","ENSG00000171522","PTGER4",TRUE,TRUE,2.55513488863605,2.2836117007869,TRUE
"HALLMARK_INFLAMMATORY_RESPONSE","ENSG00000181634","TNFSF15",TRUE,TRUE,2.52746289215854,1.90801959087784,TRUE
"HALLMARK_INFLAMMATORY_RESPONSE","ENSG00000117090","SLAMF1",TRUE,TRUE,2.51692178460435,3.42961514119785,TRUE
"HALLMARK_INFLAMMATORY_RESPONSE","ENSG00000184371","CSF1",TRUE,TRUE,2.51601375817539,2.26004604461219,TRUE
"HALLMARK_INFLAMMATORY_RESPONSE","ENSG00000117091","CD48",TRUE,TRUE,2.50407689014969,4.24413133366269,TRUE
"HALLMARK_INFLAMMATORY_RESPONSE","ENSG00000172575","RASGRP1",TRUE,TRUE,2.48919667118146,2.29697275973518,TRUE
"HALLMARK_INFLAMMATORY_RESPONSE","ENSG00000117525","F3",TRUE,TRUE,2.45423526207862,1.82359149606188,TRUE
"HALLMARK_INFLAMMATORY_RESPONSE","ENSG00000078401","EDN1",TRUE,TRUE,2.42139410829979,1.73410251948657,TRUE
"HALLMARK_INFLAMMATORY_RESPONSE","ENSG00000110324","IL10RA",TRUE,TRUE,2.40976612929902,2.92607879384928,TRUE
"HALLMARK_INFLAMMATORY_RESPONSE","ENSG00000170961","HAS2",TRUE,TRUE,2.39567705129719,1.67867395613002,TRUE
"HALLMARK_INFLAMMATORY_RESPONSE","ENSG00000123610","TNFAIP6",TRUE,TRUE,2.29980199819328,2.507605033077,TRUE
"HALLMARK_INFLAMMATORY_RESPONSE","ENSG00000103313","MEFV",TRUE,TRUE,2.29418355385137,3.12154205373934,TRUE
"HALLMARK_INFLAMMATORY_RESPONSE","ENSG00000115594","IL1R1",TRUE,TRUE,2.28739531834799,2.23062847696738,TRUE
"HALLMARK_INFLAMMATORY_RESPONSE","ENSG00000171051","FPR1",TRUE,TRUE,2.28376491016928,2.77468733885701,TRUE
"HALLMARK_INFLAMMATORY_RESPONSE","ENSG00000125384","PTGER2",TRUE,TRUE,2.26500872731435,3.01658484584961,TRUE
"HALLMARK_INFLAMMATORY_RESPONSE","ENSG00000146469","VIP",TRUE,TRUE,2.25551422913236,2.27047169846229,TRUE
"HALLMARK_INFLAMMATORY_RESPONSE","ENSG00000169851","PCDH7",TRUE,TRUE,2.23189716209139,2.19945583593081,TRUE
"HALLMARK_INFLAMMATORY_RESPONSE","ENSG00000271503","CCL5",TRUE,TRUE,2.15840389358598,5.23058468184124,TRUE
"HALLMARK_INFLAMMATORY_RESPONSE","ENSG00000074660","SCARF1",TRUE,TRUE,2.1527605114642,2.22893088613108,TRUE
"HALLMARK_INFLAMMATORY_RESPONSE","ENSG00000169403","PTAFR",TRUE,TRUE,2.13762694917539,2.36453570128307,TRUE
"HALLMARK_INFLAMMATORY_RESPONSE","ENSG00000105246","EBI3",TRUE,TRUE,2.10285763583906,3.34756070511718,TRUE
"HALLMARK_INFLAMMATORY_RESPONSE","ENSG00000176170","SPHK1",TRUE,TRUE,2.06412266103554,1.64646193348719,TRUE
"HALLMARK_INFLAMMATORY_RESPONSE","ENSG00000090339","ICAM1",TRUE,TRUE,2.04757178225895,2.43724008915682,TRUE
"HALLMARK_INFLAMMATORY_RESPONSE","ENSG00000132334","PTPRE",TRUE,TRUE,2.00500860472735,2.68931411056584,TRUE
"HALLMARK_INFLAMMATORY_RESPONSE","ENSG00000125538","IL1B",TRUE,TRUE,1.98802279667041,4.27670242580524,TRUE
"HALLMARK_INFLAMMATORY_RESPONSE","ENSG00000126262","FFAR2",TRUE,TRUE,1.97756034338329,2.23712494448417,TRUE
"HALLMARK_INFLAMMATORY_RESPONSE","ENSG00000163251","FZD5",TRUE,TRUE,1.94412869201442,1.75601598831101,TRUE
"HALLMARK_INFLAMMATORY_RESPONSE","ENSG00000134070","IRAK2",TRUE,TRUE,1.92732649248661,2.1988472385174,TRUE
"HALLMARK_INFLAMMATORY_RESPONSE","ENSG00000121989","ACVR2A",TRUE,TRUE,1.92058695966387,2.52987619982144,TRUE
"HALLMARK_INFLAMMATORY_RESPONSE","ENSG00000165168","CYBB",TRUE,TRUE,1.91086122612323,2.61819966311274,TRUE
"HALLMARK_INFLAMMATORY_RESPONSE","ENSG00000173391","OLR1",TRUE,FALSE,1.90658788478875,1.1489032131923,FALSE
"HALLMARK_INFLAMMATORY_RESPONSE","ENSG00000142227","EMP3",TRUE,TRUE,1.89448804686451,1.96667009147066,TRUE
"HALLMARK_INFLAMMATORY_RESPONSE","ENSG00000123700","KCNJ2",TRUE,TRUE,1.84178751205991,1.64284015614929,TRUE
"HALLMARK_INFLAMMATORY_RESPONSE","ENSG00000141506","PIK3R5",TRUE,TRUE,1.82727125425407,2.37540313656987,TRUE
"HALLMARK_INFLAMMATORY_RESPONSE","ENSG00000121797","CCRL2",TRUE,TRUE,1.80574042841681,1.94613280300928,TRUE
"HALLMARK_INFLAMMATORY_RESPONSE","ENSG00000130164","LDLR",TRUE,FALSE,1.7775968307041,1.29822819776341,FALSE
"HALLMARK_INFLAMMATORY_RESPONSE","ENSG00000143333","RGS16",TRUE,TRUE,1.76591017637968,1.75385881200131,TRUE
"HALLMARK_INFLAMMATORY_RESPONSE","ENSG00000043462","LCP2",TRUE,TRUE,1.75037275426734,2.15238122508852,TRUE
"HALLMARK_INFLAMMATORY_RESPONSE","ENSG00000145623","OSMR",TRUE,TRUE,1.73732270016932,1.61057197231407,TRUE
"HALLMARK_INFLAMMATORY_RESPONSE","ENSG00000137393","RNF144B",TRUE,TRUE,1.66901398529317,2.00847535829403,TRUE
"HALLMARK_INFLAMMATORY_RESPONSE","ENSG00000171860","C3AR1",TRUE,TRUE,1.65413514057618,1.71956611863532,TRUE
"HALLMARK_INFLAMMATORY_RESPONSE","ENSG00000060558","GNA15",TRUE,TRUE,1.64212622594465,2.74700860033775,TRUE
"HALLMARK_INFLAMMATORY_RESPONSE","ENSG00000038945","MSR1",TRUE,FALSE,1.59335501675133,1.14000364686779,FALSE
"HALLMARK_INFLAMMATORY_RESPONSE","ENSG00000226979","LTA",TRUE,TRUE,1.58436089324485,1.84204364708968,TRUE
"HALLMARK_INFLAMMATORY_RESPONSE","ENSG00000010327","STAB1",TRUE,TRUE,1.57832642858528,2.38616528041539,TRUE
"HALLMARK_INFLAMMATORY_RESPONSE","ENSG00000258227","CLEC5A",TRUE,FALSE,1.5412332902339,1.4840038342239,FALSE
"HALLMARK_INFLAMMATORY_RESPONSE","ENSG00000102962","CCL22",TRUE,FALSE,1.52543239005686,0.760805311020304,FALSE
"HALLMARK_INFLAMMATORY_RESPONSE","ENSG00000254087","LYN",TRUE,TRUE,1.50435356207067,2.04779476295956,TRUE
"HALLMARK_INFLAMMATORY_RESPONSE","ENSG00000136634","IL10",TRUE,TRUE,1.48789128836248,1.78216413256126,TRUE
"HALLMARK_INFLAMMATORY_RESPONSE","ENSG00000167601","AXL",TRUE,FALSE,1.47363834695445,1.49727678097957,FALSE
"HALLMARK_INFLAMMATORY_RESPONSE","ENSG00000113070","HBEGF",TRUE,TRUE,1.39835940987336,1.65573048814443,TRUE
"HALLMARK_INFLAMMATORY_RESPONSE","ENSG00000125347","IRF1",TRUE,FALSE,1.3567146911383,0.913294964848113,FALSE
"HALLMARK_INFLAMMATORY_RESPONSE","ENSG00000175591","P2RY2",TRUE,FALSE,1.33391731227208,0.64506360026684,FALSE
"HALLMARK_INFLAMMATORY_RESPONSE","ENSG00000100644","HIF1A",TRUE,TRUE,1.32849610656478,1.65091377203812,TRUE
"HALLMARK_INFLAMMATORY_RESPONSE","ENSG00000150782","IL18",TRUE,TRUE,1.31982289612182,2.60825055775307,TRUE
"HALLMARK_INFLAMMATORY_RESPONSE","ENSG00000185245","GP1BA",TRUE,TRUE,1.30701558768778,1.77962711295071,TRUE
"HALLMARK_INFLAMMATORY_RESPONSE","ENSG00000134817","APLNR",TRUE,TRUE,1.30500242043373,2.1602876056664,TRUE
"HALLMARK_INFLAMMATORY_RESPONSE","ENSG00000136244","IL6",TRUE,TRUE,1.30475590092907,2.41930084404471,TRUE
"HALLMARK_INFLAMMATORY_RESPONSE","ENSG00000028137","TNFRSF1B",TRUE,TRUE,1.29417698524445,2.0797439713831,TRUE
"HALLMARK_INFLAMMATORY_RESPONSE","ENSG00000137462","TLR2",TRUE,TRUE,1.26249942946014,1.98986809538208,TRUE
"HALLMARK_INFLAMMATORY_RESPONSE","ENSG00000171596","NMUR1",TRUE,TRUE,1.23016276508393,1.71966410810235,TRUE
"HALLMARK_INFLAMMATORY_RESPONSE","ENSG00000162711","NLRP3",TRUE,TRUE,1.21051813541345,2.08114163286086,TRUE
"HALLMARK_INFLAMMATORY_RESPONSE","ENSG00000165029","ABCA1",TRUE,TRUE,1.20736196977039,2.43495374786248,TRUE
"HALLMARK_INFLAMMATORY_RESPONSE","ENSG00000109320","NFKB1",TRUE,FALSE,1.1805801784937,1.45050651374488,FALSE
"HALLMARK_INFLAMMATORY_RESPONSE","ENSG00000103569","AQP9",TRUE,TRUE,1.1661627417645,2.59375961529445,TRUE
"HALLMARK_INFLAMMATORY_RESPONSE","ENSG00000187764","SEMA4D",FALSE,TRUE,1.0558093390953,1.73017470449573,FALSE
"HALLMARK_INFLAMMATORY_RESPONSE","ENSG00000170458","CD14",FALSE,TRUE,0.988312210308601,2.19458285903479,FALSE
"HALLMARK_INFLAMMATORY_RESPONSE","ENSG00000128342","LIF",FALSE,TRUE,0.943564457575908,2.16429465509207,FALSE
"HALLMARK_INFLAMMATORY_RESPONSE","ENSG00000090104","RGS1",FALSE,TRUE,0.714566493901381,2.00020525011413,FALSE
"HALLMARK_EPITHELIAL_MESENCHYMAL_TRANSITION","ENSG00000116132","PRRX1",TRUE,TRUE,7.34060748064855,6.35012481760334,TRUE
"HALLMARK_EPITHELIAL_MESENCHYMAL_TRANSITION","ENSG00000172061","LRRC15",TRUE,TRUE,5.89185228922388,5.78341185135918,TRUE
"HALLMARK_EPITHELIAL_MESENCHYMAL_TRANSITION","ENSG00000087245","MMP2",TRUE,TRUE,5.14255668448196,4.30997242443391,TRUE
"HALLMARK_EPITHELIAL_MESENCHYMAL_TRANSITION","ENSG00000077942","FBLN1",TRUE,TRUE,4.69548153437154,4.03020384842069,TRUE
"HALLMARK_EPITHELIAL_MESENCHYMAL_TRANSITION","ENSG00000154175","ABI3BP",TRUE,TRUE,4.52668429292168,3.9821384390591,TRUE
"HALLMARK_EPITHELIAL_MESENCHYMAL_TRANSITION","ENSG00000140937","CDH11",TRUE,TRUE,4.46498143355019,3.66978648973268,TRUE
"HALLMARK_EPITHELIAL_MESENCHYMAL_TRANSITION","ENSG00000184347","SLIT3",TRUE,TRUE,4.30704195782945,3.50798183838927,TRUE
"HALLMARK_EPITHELIAL_MESENCHYMAL_TRANSITION","ENSG00000139329","LUM",TRUE,TRUE,3.91785728110766,3.14039590261591,TRUE
"HALLMARK_EPITHELIAL_MESENCHYMAL_TRANSITION","ENSG00000145147","SLIT2",TRUE,TRUE,3.78503061798275,3.10780737703648,TRUE
"HALLMARK_EPITHELIAL_MESENCHYMAL_TRANSITION","ENSG00000197614","MFAP5",TRUE,TRUE,3.76510578025451,5.04755584021839,TRUE
"HALLMARK_EPITHELIAL_MESENCHYMAL_TRANSITION","ENSG00000133110","POSTN",TRUE,TRUE,3.56089780502099,2.72907214279149,TRUE
"HALLMARK_EPITHELIAL_MESENCHYMAL_TRANSITION","ENSG00000171951","SCG2",TRUE,TRUE,3.47331544612679,3.57835570855436,TRUE
"HALLMARK_EPITHELIAL_MESENCHYMAL_TRANSITION","ENSG00000109099","PMP22",TRUE,TRUE,3.40765750249437,2.93161188329615,TRUE
"HALLMARK_EPITHELIAL_MESENCHYMAL_TRANSITION","ENSG00000163661","PTX3",TRUE,TRUE,3.2872909928796,4.21836598877055,TRUE
"HALLMARK_EPITHELIAL_MESENCHYMAL_TRANSITION","ENSG00000138685","FGF2",TRUE,TRUE,3.25717857177504,2.98501423718918,TRUE
"HALLMARK_EPITHELIAL_MESENCHYMAL_TRANSITION","ENSG00000011465","DCN",TRUE,TRUE,3.07333996517807,2.68212061726308,TRUE
"HALLMARK_EPITHELIAL_MESENCHYMAL_TRANSITION","ENSG00000060718","COL11A1",TRUE,TRUE,3.06501059216424,2.3120432453698,TRUE
"HALLMARK_EPITHELIAL_MESENCHYMAL_TRANSITION","ENSG00000142871","CCN1",TRUE,TRUE,2.97315740652592,2.28328309549067,TRUE
"HALLMARK_EPITHELIAL_MESENCHYMAL_TRANSITION","ENSG00000163710","PCOLCE2",TRUE,TRUE,2.90381757748481,2.91257066287873,TRUE
"HALLMARK_EPITHELIAL_MESENCHYMAL_TRANSITION","ENSG00000122176","FMOD",TRUE,TRUE,2.887819265251,3.20660922160792,TRUE
"HALLMARK_EPITHELIAL_MESENCHYMAL_TRANSITION","ENSG00000101825","MXRA5",TRUE,TRUE,2.86112175387034,2.97702333847507,TRUE
"HALLMARK_EPITHELIAL_MESENCHYMAL_TRANSITION","ENSG00000113721","PDGFRB",TRUE,TRUE,2.79713891885108,2.1142009670266,TRUE
"HALLMARK_EPITHELIAL_MESENCHYMAL_TRANSITION","ENSG00000138829","FBN2",TRUE,TRUE,2.78165553889603,2.80419566694752,TRUE
"HALLMARK_EPITHELIAL_MESENCHYMAL_TRANSITION","ENSG00000078098","FAP",TRUE,TRUE,2.76211798090692,2.17929906871649,TRUE
"HALLMARK_EPITHELIAL_MESENCHYMAL_TRANSITION","ENSG00000259207","ITGB3",TRUE,TRUE,2.73211467466543,3.47283292584064,TRUE
"HALLMARK_EPITHELIAL_MESENCHYMAL_TRANSITION","ENSG00000105290","APLP1",TRUE,TRUE,2.68669642980503,2.88931942377408,TRUE
"HALLMARK_EPITHELIAL_MESENCHYMAL_TRANSITION","ENSG00000157227","MMP14",TRUE,TRUE,2.65368173440272,2.12447565610649,TRUE
"HALLMARK_EPITHELIAL_MESENCHYMAL_TRANSITION","ENSG00000152377","SPOCK1",TRUE,TRUE,2.64396290612128,2.43812190568743,TRUE
"HALLMARK_EPITHELIAL_MESENCHYMAL_TRANSITION","ENSG00000113657","DPYSL3",TRUE,TRUE,2.63511901504792,1.89347391809998,TRUE
"HALLMARK_EPITHELIAL_MESENCHYMAL_TRANSITION","ENSG00000106483","SFRP4",TRUE,TRUE,2.62654298499578,2.09201114225228,TRUE
"HALLMARK_EPITHELIAL_MESENCHYMAL_TRANSITION","ENSG00000152661","GJA1",TRUE,TRUE,2.59132836312065,2.08206288264014,TRUE
"HALLMARK_EPITHELIAL_MESENCHYMAL_TRANSITION","ENSG00000123384","LRP1",TRUE,TRUE,2.55932345995151,2.19049775187978,TRUE
"HALLMARK_EPITHELIAL_MESENCHYMAL_TRANSITION","ENSG00000104332","SFRP1",TRUE,TRUE,2.54249391523636,3.5737163002394,TRUE
"HALLMARK_EPITHELIAL_MESENCHYMAL_TRANSITION","ENSG00000176692","FOXC2",TRUE,TRUE,2.45037123010789,1.71003070827584,TRUE
"HALLMARK_EPITHELIAL_MESENCHYMAL_TRANSITION","ENSG00000163520","FBLN2",TRUE,TRUE,2.39990139222719,1.76638831871314,TRUE
"HALLMARK_EPITHELIAL_MESENCHYMAL_TRANSITION","ENSG00000026103","FAS",TRUE,TRUE,2.38248179859761,2.12151838872596,TRUE
"HALLMARK_EPITHELIAL_MESENCHYMAL_TRANSITION","ENSG00000107796","ACTA2",TRUE,TRUE,2.37486369405877,1.73846655011992,TRUE
"HALLMARK_EPITHELIAL_MESENCHYMAL_TRANSITION","ENSG00000135862","LAMC1",TRUE,TRUE,2.37484650902565,1.81317801421349,TRUE
"HALLMARK_EPITHELIAL_MESENCHYMAL_TRANSITION","ENSG00000106823","ECM2",TRUE,TRUE,2.36232959333966,3.00621417275688,TRUE
"HALLMARK_EPITHELIAL_MESENCHYMAL_TRANSITION","ENSG00000149591","TAGLN",TRUE,TRUE,2.32446909241751,1.72080283069827,TRUE
"HALLMARK_EPITHELIAL_MESENCHYMAL_TRANSITION","ENSG00000164932","CTHRC1",TRUE,TRUE,2.32303071689017,1.7622641446581,TRUE
"HALLMARK_EPITHELIAL_MESENCHYMAL_TRANSITION","ENSG00000080573","COL5A3",TRUE,TRUE,2.30830955759388,3.06519012250015,TRUE
"HALLMARK_EPITHELIAL_MESENCHYMAL_TRANSITION","ENSG00000171812","COL8A2",TRUE,TRUE,2.23026424837922,1.59469392293467,TRUE
"HALLMARK_EPITHELIAL_MESENCHYMAL_TRANSITION","ENSG00000065534","MYLK",TRUE,TRUE,2.21335199621647,1.50243135743069,TRUE
"HALLMARK_EPITHELIAL_MESENCHYMAL_TRANSITION","ENSG00000087303","NID2",TRUE,TRUE,2.18431043274725,2.09087335289341,TRUE
"HALLMARK_EPITHELIAL_MESENCHYMAL_TRANSITION","ENSG00000198467","TPM2",TRUE,TRUE,2.16318595538941,1.61821356566698,TRUE
"HALLMARK_EPITHELIAL_MESENCHYMAL_TRANSITION","ENSG00000153071","DAB2",TRUE,TRUE,2.1127092280159,1.94636984169847,TRUE
"HALLMARK_EPITHELIAL_MESENCHYMAL_TRANSITION","ENSG00000101335","MYL9",TRUE,TRUE,2.09440160763688,1.62217244354598,TRUE
"HALLMARK_EPITHELIAL_MESENCHYMAL_TRANSITION","ENSG00000142173","COL6A2",TRUE,TRUE,2.05559610470415,2.48337901886382,TRUE
"HALLMARK_EPITHELIAL_MESENCHYMAL_TRANSITION","ENSG00000163739","CXCL1",TRUE,TRUE,2.05034089683607,3.05073923534495,TRUE
"HALLMARK_EPITHELIAL_MESENCHYMAL_TRANSITION","ENSG00000100234","TIMP3",TRUE,TRUE,2.01690387524551,1.48843196416806,TRUE
"HALLMARK_EPITHELIAL_MESENCHYMAL_TRANSITION","ENSG00000106333","PCOLCE",TRUE,TRUE,1.98194346346665,1.98736424353242,TRUE
"HALLMARK_EPITHELIAL_MESENCHYMAL_TRANSITION","ENSG00000084636","COL16A1",TRUE,TRUE,1.97148409464761,1.3664323013951,TRUE
"HALLMARK_EPITHELIAL_MESENCHYMAL_TRANSITION","ENSG00000180914","OXTR",TRUE,TRUE,1.91174137425111,1.39052117024481,TRUE
"HALLMARK_EPITHELIAL_MESENCHYMAL_TRANSITION","ENSG00000164692","COL1A2",TRUE,TRUE,1.89490983732257,1.72248617449408,TRUE
"HALLMARK_EPITHELIAL_MESENCHYMAL_TRANSITION","ENSG00000142227","EMP3",TRUE,TRUE,1.89448804686451,1.96667009147066,TRUE
"HALLMARK_EPITHELIAL_MESENCHYMAL_TRANSITION","ENSG00000162692","VCAM1",TRUE,TRUE,1.8744500978038,1.45251670594394,TRUE
"HALLMARK_EPITHELIAL_MESENCHYMAL_TRANSITION","ENSG00000177606","JUN",TRUE,TRUE,1.85436624439865,2.26699061611877,TRUE
"HALLMARK_EPITHELIAL_MESENCHYMAL_TRANSITION","ENSG00000172638","EFEMP2",TRUE,TRUE,1.80620495774658,2.0165832766557,TRUE
"HALLMARK_EPITHELIAL_MESENCHYMAL_TRANSITION","ENSG00000026025","VIM",TRUE,TRUE,1.78268394419339,2.11074142470261,TRUE
"HALLMARK_EPITHELIAL_MESENCHYMAL_TRANSITION","ENSG00000149257","SERPINH1",TRUE,TRUE,1.77128075028086,1.41040654985928,TRUE
"HALLMARK_EPITHELIAL_MESENCHYMAL_TRANSITION","ENSG00000087494","PTHLH",TRUE,TRUE,1.76560909170178,1.22711782645993,TRUE
"HALLMARK_EPITHELIAL_MESENCHYMAL_TRANSITION","ENSG00000151914","DST",TRUE,TRUE,1.76123020616449,1.51295296299955,TRUE
"HALLMARK_EPITHELIAL_MESENCHYMAL_TRANSITION","ENSG00000113140","SPARC",TRUE,TRUE,1.74693086323182,1.34957833349043,TRUE
"HALLMARK_EPITHELIAL_MESENCHYMAL_TRANSITION","ENSG00000118523","CCN2",TRUE,FALSE,1.73261736893794,0.918738642055209,FALSE
"HALLMARK_EPITHELIAL_MESENCHYMAL_TRANSITION","ENSG00000166033","HTRA1",TRUE,TRUE,1.71577604631506,3.11891879889685,TRUE
"HALLMARK_EPITHELIAL_MESENCHYMAL_TRANSITION","ENSG00000163359","COL6A3",TRUE,TRUE,1.69587347500701,1.29477462262569,TRUE
"HALLMARK_EPITHELIAL_MESENCHYMAL_TRANSITION","ENSG00000196611","MMP1",TRUE,TRUE,1.69332232826299,1.5694220458281,TRUE
"HALLMARK_EPITHELIAL_MESENCHYMAL_TRANSITION","ENSG00000170624","SGCD",TRUE,TRUE,1.6863206276978,1.46705154218916,TRUE
"HALLMARK_EPITHELIAL_MESENCHYMAL_TRANSITION","ENSG00000163430","FSTL1",TRUE,TRUE,1.66183896795217,1.59255619116569,TRUE
"HALLMARK_EPITHELIAL_MESENCHYMAL_TRANSITION","ENSG00000168487","BMP1",TRUE,TRUE,1.6375736743005,1.30472295591898,TRUE
"HALLMARK_EPITHELIAL_MESENCHYMAL_TRANSITION","ENSG00000049540","ELN",TRUE,FALSE,1.60276854012748,0.865617087631861,FALSE
"HALLMARK_EPITHELIAL_MESENCHYMAL_TRANSITION","ENSG00000180447","GAS1",TRUE,TRUE,1.55594066139154,2.03581385827761,TRUE
"HALLMARK_EPITHELIAL_MESENCHYMAL_TRANSITION","ENSG00000164176","EDIL3",TRUE,FALSE,1.53963228628111,0.736167353925408,FALSE
"HALLMARK_EPITHELIAL_MESENCHYMAL_TRANSITION","ENSG00000115935","WIPF1",TRUE,TRUE,1.53375760543905,1.70060217708212,TRUE
"HALLMARK_EPITHELIAL_MESENCHYMAL_TRANSITION","ENSG00000113361","CDH6",TRUE,TRUE,1.52883740703512,1.44906347885794,TRUE
"HALLMARK_EPITHELIAL_MESENCHYMAL_TRANSITION","ENSG00000122786","CALD1",TRUE,TRUE,1.49252573461385,1.45446390125629,TRUE
"HALLMARK_EPITHELIAL_MESENCHYMAL_TRANSITION","ENSG00000069702","TGFBR3",TRUE,TRUE,1.46980110785771,1.16384943300636,TRUE
"HALLMARK_EPITHELIAL_MESENCHYMAL_TRANSITION","ENSG00000118503","TNFAIP3",TRUE,TRUE,1.46155728300717,2.4334867838157,TRUE
"HALLMARK_EPITHELIAL_MESENCHYMAL_TRANSITION","ENSG00000150630","VEGFC",TRUE,TRUE,1.45047170918942,1.73782523869893,TRUE
"HALLMARK_EPITHELIAL_MESENCHYMAL_TRANSITION","ENSG00000116260","QSOX1",TRUE,TRUE,1.42428588768026,1.0952992101806,TRUE
"HALLMARK_EPITHELIAL_MESENCHYMAL_TRANSITION","ENSG00000166147","FBN1",TRUE,FALSE,1.42360335134667,0.896346378307549,FALSE
"HALLMARK_EPITHELIAL_MESENCHYMAL_TRANSITION","ENSG00000101680","LAMA1",TRUE,TRUE,1.41346627295087,1.68729671663954,TRUE
"HALLMARK_EPITHELIAL_MESENCHYMAL_TRANSITION","ENSG00000166923","GREM1",TRUE,FALSE,1.40905484024371,0.696885704341559,FALSE
"HALLMARK_EPITHELIAL_MESENCHYMAL_TRANSITION","ENSG00000149968","MMP3",TRUE,TRUE,1.38557511660597,1.68692456234994,TRUE
"HALLMARK_EPITHELIAL_MESENCHYMAL_TRANSITION","ENSG00000163132","MSX1",TRUE,FALSE,1.3823369809392,0.949262693276015,FALSE
"HALLMARK_EPITHELIAL_MESENCHYMAL_TRANSITION","ENSG00000113083","LOX",TRUE,TRUE,1.36195792068937,2.46234042089172,TRUE
"HALLMARK_EPITHELIAL_MESENCHYMAL_TRANSITION","ENSG00000136244","IL6",TRUE,TRUE,1.30475590092907,2.41930084404471,TRUE
"HALLMARK_EPITHELIAL_MESENCHYMAL_TRANSITION","ENSG00000116157","GPX7",TRUE,TRUE,1.26421738442413,1.62723289068562,TRUE
"HALLMARK_EPITHELIAL_MESENCHYMAL_TRANSITION","ENSG00000116717","GADD45A",TRUE,TRUE,1.26208808573432,1.62340331437406,TRUE
"HALLMARK_EPITHELIAL_MESENCHYMAL_TRANSITION","ENSG00000196569","LAMA2",TRUE,FALSE,1.25781641074735,0.71805027246864,FALSE
"HALLMARK_EPITHELIAL_MESENCHYMAL_TRANSITION","ENSG00000108821","COL1A1",TRUE,TRUE,1.23149483177239,1.15509323926093,TRUE
"HALLMARK_EPITHELIAL_MESENCHYMAL_TRANSITION","ENSG00000137801","THBS1",TRUE,TRUE,1.21227744609091,1.30864569285487,TRUE
"HALLMARK_EPITHELIAL_MESENCHYMAL_TRANSITION","ENSG00000143878","RHOB",TRUE,FALSE,1.2064767663582,0.948631662820038,FALSE
"HALLMARK_EPITHELIAL_MESENCHYMAL_TRANSITION","ENSG00000198959","TGM2",TRUE,TRUE,1.195942942576,1.36081636287799,TRUE
"HALLMARK_EPITHELIAL_MESENCHYMAL_TRANSITION","ENSG00000129038","LOXL1",TRUE,FALSE,1.19186202888674,0.635652135151144,FALSE
"HALLMARK_EPITHELIAL_MESENCHYMAL_TRANSITION","ENSG00000140092","FBLN5",TRUE,FALSE,1.18680699480815,0.707914368660596,FALSE
"HALLMARK_EPITHELIAL_MESENCHYMAL_TRANSITION","ENSG00000038427","VCAN",TRUE,TRUE,1.1687638763337,1.15728344702563,TRUE
"HALLMARK_EPITHELIAL_MESENCHYMAL_TRANSITION","ENSG00000168542","COL3A1",TRUE,TRUE,1.15814102130774,1.35847443522088,TRUE
"HALLMARK_EPITHELIAL_MESENCHYMAL_TRANSITION","ENSG00000130066","SAT1",TRUE,TRUE,1.14265976583052,1.86877941096568,TRUE
"HALLMARK_EPITHELIAL_MESENCHYMAL_TRANSITION","ENSG00000107984","DKK1",TRUE,TRUE,1.14029783928056,1.39467783834017,TRUE
"HALLMARK_EPITHELIAL_MESENCHYMAL_TRANSITION","ENSG00000132031","MATN3",TRUE,FALSE,1.13187649963877,0.37995748505295,FALSE
"HALLMARK_EPITHELIAL_MESENCHYMAL_TRANSITION","ENSG00000111341","MGP",TRUE,FALSE,1.12136543995117,0.263610043255633,FALSE
"HALLMARK_EPITHELIAL_MESENCHYMAL_TRANSITION","ENSG00000204262","COL5A2",FALSE,TRUE,1.07383755589851,1.06970648747136,FALSE
"HALLMARK_EPITHELIAL_MESENCHYMAL_TRANSITION","ENSG00000139278","GLIPR1",FALSE,TRUE,1.06007666796038,1.40343391464836,FALSE
"HALLMARK_EPITHELIAL_MESENCHYMAL_TRANSITION","ENSG00000115457","IGFBP2",FALSE,TRUE,0.960804056270967,2.81064778908907,FALSE
"HALLMARK_EPITHELIAL_MESENCHYMAL_TRANSITION","ENSG00000161638","ITGA5",FALSE,TRUE,0.958277304534814,1.0456153633644,FALSE
"HALLMARK_EPITHELIAL_MESENCHYMAL_TRANSITION","ENSG00000107562","CXCL12",FALSE,TRUE,0.950742916684572,1.65016798761397,FALSE
"HALLMARK_EPITHELIAL_MESENCHYMAL_TRANSITION","ENSG00000182492","BGN",FALSE,TRUE,0.907950614879615,1.08865674498687,FALSE
"HALLMARK_EPITHELIAL_MESENCHYMAL_TRANSITION","ENSG00000117385","P3H1",FALSE,TRUE,0.905748644056364,1.23140291914382,FALSE
"HALLMARK_EPITHELIAL_MESENCHYMAL_TRANSITION","ENSG00000182985","CADM1",FALSE,TRUE,0.888742110783612,1.09712214437899,FALSE
"HALLMARK_EPITHELIAL_MESENCHYMAL_TRANSITION","ENSG00000166741","NNMT",FALSE,TRUE,0.852670522460682,2.56845677168148,FALSE
"HALLMARK_EPITHELIAL_MESENCHYMAL_TRANSITION","ENSG00000179163","FUCA1",FALSE,TRUE,0.834984259880134,2.62814010447811,FALSE
"HALLMARK_EPITHELIAL_MESENCHYMAL_TRANSITION","ENSG00000148848","ADAM12",FALSE,TRUE,0.82584060603245,1.04704646800157,FALSE
"HALLMARK_EPITHELIAL_MESENCHYMAL_TRANSITION","ENSG00000073712","FERMT2",FALSE,TRUE,0.817259615187928,1.10345043185362,FALSE
"HALLMARK_EPITHELIAL_MESENCHYMAL_TRANSITION","ENSG00000011422","PLAUR",FALSE,TRUE,0.800431922977972,1.38443762992922,FALSE
"HALLMARK_EPITHELIAL_MESENCHYMAL_TRANSITION","ENSG00000100097","LGALS1",FALSE,TRUE,0.757582208234641,1.19118294339615,FALSE
"HALLMARK_EPITHELIAL_MESENCHYMAL_TRANSITION","ENSG00000135919","SERPINE2",FALSE,TRUE,0.737840955129847,1.32983323410117,FALSE
"HALLMARK_EPITHELIAL_MESENCHYMAL_TRANSITION","ENSG00000143369","ECM1",FALSE,TRUE,0.680424652890494,1.19811017937965,FALSE
"HALLMARK_EPITHELIAL_MESENCHYMAL_TRANSITION","ENSG00000172164","SNTB1",FALSE,TRUE,0.584512437081427,1.0496167125351,FALSE
"HALLMARK_EPITHELIAL_MESENCHYMAL_TRANSITION","ENSG00000154096","THY1",FALSE,TRUE,0.513699724118462,1.33708741086751,FALSE
"HALLMARK_EPITHELIAL_MESENCHYMAL_TRANSITION","ENSG00000115738","ID2",FALSE,TRUE,0.251607332129159,1.76028308585871,FALSE
"HALLMARK_EPITHELIAL_MESENCHYMAL_TRANSITION","ENSG00000169429","CXCL8",FALSE,TRUE,-0.120638636549477,1.26476811100884,FALSE
"HALLMARK_COAGULATION","ENSG00000171560","FGA",TRUE,FALSE,-8.6710518403265,-8.54392101373331,FALSE
"HALLMARK_COAGULATION","ENSG00000110245","APOC3",TRUE,FALSE,-6.76324232312725,-5.57416770580137,FALSE
"HALLMARK_COAGULATION","ENSG00000180210","F2",TRUE,FALSE,-5.71452838754472,-4.52753675018964,FALSE
"HALLMARK_COAGULATION","ENSG00000055957","ITIH1",TRUE,FALSE,-5.57147952937233,-4.25016044340009,FALSE
"HALLMARK_COAGULATION","ENSG00000171557","FGG",TRUE,FALSE,-5.26931373859836,-4.29468346335018,FALSE
"HALLMARK_COAGULATION","ENSG00000197249","SERPINA1",TRUE,FALSE,-5.26721786540806,-5.06525795461246,FALSE
"HALLMARK_COAGULATION","ENSG00000087245","MMP2",FALSE,TRUE,5.14255668448196,4.30997242443391,FALSE
"HALLMARK_COAGULATION","ENSG00000101076","HNF4A",TRUE,FALSE,-4.96729008159666,-3.80037247729351,FALSE
"HALLMARK_COAGULATION","ENSG00000080618","CPB2",TRUE,FALSE,-4.67689024152167,-4.89100459751959,FALSE
"HALLMARK_COAGULATION","ENSG00000113600","C9",TRUE,FALSE,-4.58780793472706,-3.57587473091854,FALSE
"HALLMARK_COAGULATION","ENSG00000143387","CTSK",FALSE,TRUE,4.450887083314,4.15361078783908,FALSE
"HALLMARK_COAGULATION","ENSG00000110799","VWF",FALSE,TRUE,4.37467156883081,3.41716644546581,FALSE
"HALLMARK_COAGULATION","ENSG00000119125","GDA",TRUE,FALSE,-4.19250360824924,-3.20488421545548,FALSE
"HALLMARK_COAGULATION","ENSG00000079337","RAPGEF3",FALSE,TRUE,4.11152010773612,3.93984052657543,FALSE
"HALLMARK_COAGULATION","ENSG00000088926","F11",TRUE,FALSE,-3.91491240146791,-2.76453810677463,FALSE
"HALLMARK_COAGULATION","ENSG00000148180","GSN",FALSE,TRUE,3.89886973362052,3.24876138803098,FALSE
"HALLMARK_COAGULATION","ENSG00000105707","HPN",TRUE,FALSE,-3.7827693177777,-3.45905441385145,FALSE
"HALLMARK_COAGULATION","ENSG00000105825","TFPI2",TRUE,FALSE,-3.75879712425907,-3.18617633204171,FALSE
"HALLMARK_COAGULATION","ENSG00000118137","APOA1",TRUE,FALSE,-3.36796732532423,-2.19380530718842,FALSE
"HALLMARK_COAGULATION","ENSG00000135046","ANXA1",FALSE,TRUE,3.36609809829294,2.84914229044514,FALSE
"HALLMARK_COAGULATION","ENSG00000115718","PROC",TRUE,FALSE,-3.32560001822257,-3.29275618994839,FALSE
"HALLMARK_COAGULATION","ENSG00000005893","LAMP2",TRUE,FALSE,-3.17230160012711,-2.5204905339195,FALSE
"HALLMARK_COAGULATION","ENSG00000261371","PECAM1",FALSE,TRUE,3.12228699344324,2.50300801839863,FALSE
"HALLMARK_COAGULATION","ENSG00000021852","C8B",TRUE,FALSE,-3.10248244429581,-1.8096812305433,FALSE
"HALLMARK_COAGULATION","ENSG00000175899","A2M",FALSE,TRUE,3.10123471804624,2.61258248438097,FALSE
"HALLMARK_COAGULATION","ENSG00000100985","MMP9",FALSE,TRUE,3.07361357745537,4.23383261158158,FALSE
"HALLMARK_COAGULATION","ENSG00000122861","PLAU",FALSE,TRUE,3.05976735998473,2.82986285882016,FALSE
"HALLMARK_COAGULATION","ENSG00000197635","DPP4",FALSE,TRUE,3.03798250631191,3.10691224790665,FALSE
"HALLMARK_COAGULATION","ENSG00000157131","C8A",TRUE,FALSE,-3.0173006256896,-1.49882182105872,FALSE
"HALLMARK_COAGULATION","ENSG00000178726","THBD",FALSE,TRUE,2.94300160547333,2.76907737612613,FALSE
"HALLMARK_COAGULATION","ENSG00000196188","CTSE",FALSE,TRUE,2.93445843033201,2.14488392897046,FALSE
"HALLMARK_COAGULATION","ENSG00000163737","PF4",FALSE,TRUE,2.93011604542621,3.73967028970943,FALSE
"HALLMARK_COAGULATION","ENSG00000010810","FYN",FALSE,TRUE,2.79710739432999,2.43790050067945,FALSE
"HALLMARK_COAGULATION","ENSG00000259207","ITGB3",FALSE,TRUE,2.73211467466543,3.47283292584064,FALSE
"HALLMARK_COAGULATION","ENSG00000157227","MMP14",FALSE,TRUE,2.65368173440272,2.12447565610649,FALSE
"HALLMARK_COAGULATION","ENSG00000123384","LRP1",FALSE,TRUE,2.55932345995151,2.19049775187978,FALSE
"HALLMARK_COAGULATION","ENSG00000234906","APOC2",TRUE,FALSE,-2.51639098843328,-2.28211896233462,FALSE
"HALLMARK_COAGULATION","ENSG00000197766","CFD",FALSE,TRUE,2.51150400167758,1.93811352952102,FALSE
"HALLMARK_COAGULATION","ENSG00000187045","TMPRSS6",TRUE,FALSE,-2.48045775790994,-1.83012761949988,FALSE
"HALLMARK_COAGULATION","ENSG00000117525","F3",FALSE,TRUE,2.45423526207862,1.82359149606188,FALSE
"HALLMARK_COAGULATION","ENSG00000131187","F12",TRUE,FALSE,-2.43359089389378,-3.5975442092989,FALSE
"HALLMARK_COAGULATION","ENSG00000197632","SERPINB2",FALSE,TRUE,2.12435610459916,2.57331657806244,FALSE
"HALLMARK_COAGULATION","ENSG00000100234","TIMP3",FALSE,TRUE,2.01690387524551,1.48843196416806,FALSE
"HALLMARK_COAGULATION","ENSG00000120885","CLU",FALSE,TRUE,1.96446727409498,2.7849648570853,FALSE
"HALLMARK_COAGULATION","ENSG00000139318","DUSP6",FALSE,TRUE,1.73685954933049,2.55002624893726,FALSE
"HALLMARK_COAGULATION","ENSG00000166033","HTRA1",FALSE,TRUE,1.71577604631506,3.11891879889685,FALSE
"HALLMARK_COAGULATION","ENSG00000168615","ADAM9",FALSE,TRUE,1.7043527865515,1.5933951939818,FALSE
"HALLMARK_COAGULATION","ENSG00000169860","P2RY1",FALSE,TRUE,1.69428421259455,1.76846390923317,FALSE
"HALLMARK_COAGULATION","ENSG00000196611","MMP1",FALSE,TRUE,1.69332232826299,1.5694220458281,FALSE
"HALLMARK_COAGULATION","ENSG00000115956","PLEK",FALSE,TRUE,1.65547233439241,2.50640555543141,FALSE
"HALLMARK_COAGULATION","ENSG00000256043","CTSO",FALSE,TRUE,1.56014504914645,1.84252949318915,FALSE
"HALLMARK_COAGULATION","ENSG00000103811","CTSH",FALSE,TRUE,1.40807974171122,1.43934250746648,FALSE
"HALLMARK_COAGULATION","ENSG00000149131","SERPING1",FALSE,TRUE,1.39017569783862,2.32900348217084,FALSE
"HALLMARK_COAGULATION","ENSG00000149968","MMP3",FALSE,TRUE,1.38557511660597,1.68692456234994,FALSE
"HALLMARK_COAGULATION","ENSG00000185245","GP1BA",FALSE,TRUE,1.30701558768778,1.77962711295071,FALSE
"HALLMARK_COAGULATION","ENSG00000173372","C1QA",FALSE,TRUE,1.28718503306403,1.93515985897691,FALSE
"HALLMARK_COAGULATION","ENSG00000130988","RGN",FALSE,TRUE,1.22073505148771,2.14067286909831,FALSE
"HALLMARK_COAGULATION","ENSG00000159403","C1R",FALSE,TRUE,1.21944117081202,1.88966502899251,FALSE
"HALLMARK_COAGULATION","ENSG00000184500","PROS1",FALSE,TRUE,1.21142429230474,2.06252327937832,FALSE
"HALLMARK_COAGULATION","ENSG00000182326","C1S",FALSE,TRUE,1.18603734018596,1.84471916025696,FALSE
"HALLMARK_COAGULATION","ENSG00000164220","F2RL2",FALSE,TRUE,0.968354608432091,2.02642574809586,FALSE
"HALLMARK_COAGULATION","ENSG00000118113","MMP8",FALSE,TRUE,0.921752530856194,1.50147687226707,FALSE
"HALLMARK_COAGULATION","ENSG00000185010","F8",FALSE,TRUE,0.918333840162931,1.95201497494753,FALSE
"HALLMARK_COAGULATION","ENSG00000125730","C3",FALSE,TRUE,0.874621540739302,2.1762154734184,FALSE
"HALLMARK_COAGULATION","ENSG00000100600","LGMN",FALSE,TRUE,0.818212909032369,1.45531232182726,FALSE
"HALLMARK_COAGULATION","ENSG00000164733","CTSB",FALSE,TRUE,0.794544375422685,1.68688135417955,FALSE
"HALLMARK_COAGULATION","ENSG00000205403","CFI",FALSE,TRUE,0.750470755364987,2.04867058180192,FALSE
"HALLMARK_COAGULATION","ENSG00000000971","CFH",FALSE,TRUE,0.648694603099071,1.45935394546527,FALSE
"HALLMARK_COMPLEMENT","ENSG00000077522","ACTN2",TRUE,TRUE,4.34655051746967,3.63854866267133,TRUE
"HALLMARK_COMPLEMENT","ENSG00000196352","CD55",TRUE,TRUE,3.35315785045283,3.02065139807225,TRUE
"HALLMARK_COMPLEMENT","ENSG00000182866","LCK",TRUE,TRUE,3.24146107226403,4.76098712239086,TRUE
"HALLMARK_COMPLEMENT","ENSG00000145649","GZMA",TRUE,TRUE,3.13948551171152,5.22872666967136,TRUE
"HALLMARK_COMPLEMENT","ENSG00000003400","CASP10",TRUE,TRUE,3.09872046422036,2.89324319681785,TRUE
"HALLMARK_COMPLEMENT","ENSG00000102245","CD40LG",TRUE,TRUE,3.05848259968121,3.02082584361344,TRUE
"HALLMARK_COMPLEMENT","ENSG00000197635","DPP4",TRUE,TRUE,3.03798250631191,3.10691224790665,TRUE
"HALLMARK_COMPLEMENT","ENSG00000107742","SPOCK2",TRUE,TRUE,2.95934296398146,2.69193475875134,TRUE
"HALLMARK_COMPLEMENT","ENSG00000239713","APOBEC3G",TRUE,TRUE,2.95435141560659,3.68492856966812,TRUE
"HALLMARK_COMPLEMENT","ENSG00000058866","DGKG",TRUE,TRUE,2.90331173186871,2.46119296559072,TRUE
"HALLMARK_COMPLEMENT","ENSG00000010810","FYN",TRUE,TRUE,2.79710739432999,2.43790050067945,TRUE
"HALLMARK_COMPLEMENT","ENSG00000100453","GZMB",TRUE,TRUE,2.79082771333088,4.84018043778064,TRUE
"HALLMARK_COMPLEMENT","ENSG00000102174","PHEX",TRUE,TRUE,2.75712672075811,2.0558904900161,TRUE
"HALLMARK_COMPLEMENT","ENSG00000085265","FCN1",TRUE,TRUE,2.66079110449655,2.93491345793351,TRUE
"HALLMARK_COMPLEMENT","ENSG00000157227","MMP14",TRUE,TRUE,2.65368173440272,2.12447565610649,TRUE
"HALLMARK_COMPLEMENT","ENSG00000135678","CPM",TRUE,TRUE,2.65095220539808,3.30308954161902,TRUE
"HALLMARK_COMPLEMENT","ENSG00000113088","GZMK",TRUE,TRUE,2.64254339913282,3.95770054718198,TRUE
"HALLMARK_COMPLEMENT","ENSG00000140945","CDH13",TRUE,TRUE,2.59188884035492,2.17150372960018,TRUE
"HALLMARK_COMPLEMENT","ENSG00000123384","LRP1",TRUE,TRUE,2.55932345995151,2.19049775187978,TRUE
"HALLMARK_COMPLEMENT","ENSG00000148516","ZEB1",TRUE,TRUE,2.55425504321145,2.22874868354607,TRUE
"HALLMARK_COMPLEMENT","ENSG00000172575","RASGRP1",TRUE,TRUE,2.48919667118146,2.29697275973518,TRUE
"HALLMARK_COMPLEMENT","ENSG00000117525","F3",TRUE,TRUE,2.45423526207862,1.82359149606188,TRUE
"HALLMARK_COMPLEMENT","ENSG00000116983","HPCAL4",TRUE,TRUE,2.41388690773441,3.10291905581084,TRUE
"HALLMARK_COMPLEMENT","ENSG00000105851","PIK3CG",TRUE,TRUE,2.41077092753771,2.1225924353269,TRUE
"HALLMARK_COMPLEMENT","ENSG00000169896","ITGAM",TRUE,TRUE,2.34403869703623,2.72775941520334,TRUE
"HALLMARK_COMPLEMENT","ENSG00000137752","CASP1",TRUE,TRUE,2.29652282933323,1.72917544719293,TRUE
"HALLMARK_COMPLEMENT","ENSG00000203710","CR1",TRUE,TRUE,2.19450915418492,3.01178305937211,TRUE
"HALLMARK_COMPLEMENT","ENSG00000164308","ERAP2",TRUE,TRUE,2.19369988582486,1.84627712385601,TRUE
"HALLMARK_COMPLEMENT","ENSG00000271503","CCL5",TRUE,TRUE,2.15840389358598,5.23058468184124,TRUE
"HALLMARK_COMPLEMENT","ENSG00000197632","SERPINB2",TRUE,TRUE,2.12435610459916,2.57331657806244,TRUE
"HALLMARK_COMPLEMENT","ENSG00000163220","S100A9",TRUE,TRUE,2.1163934342927,2.78869753638906,TRUE
"HALLMARK_COMPLEMENT","ENSG00000186469","GNG2",TRUE,TRUE,2.10224999675455,3.37298212241542,TRUE
"HALLMARK_COMPLEMENT","ENSG00000163221","S100A12",TRUE,TRUE,2.08246676588756,2.98938721802015,TRUE
"HALLMARK_COMPLEMENT","ENSG00000163739","CXCL1",TRUE,TRUE,2.05034089683607,3.05073923534495,TRUE
"HALLMARK_COMPLEMENT","ENSG00000102780","DGKH",TRUE,TRUE,2.04668166275961,1.52173945619021,TRUE
"HALLMARK_COMPLEMENT","ENSG00000204301","NOTCH4",TRUE,TRUE,1.96801285687792,2.08522427191318,TRUE
"HALLMARK_COMPLEMENT","ENSG00000120885","CLU",TRUE,TRUE,1.96446727409498,2.7849648570853,TRUE
"HALLMARK_COMPLEMENT","ENSG00000173391","OLR1",TRUE,TRUE,1.90658788478875,1.1489032131923,TRUE
"HALLMARK_COMPLEMENT","ENSG00000114353","GNAI2",TRUE,TRUE,1.8713213442376,1.87855572402022,TRUE
"HALLMARK_COMPLEMENT","ENSG00000035862","TIMP2",TRUE,TRUE,1.83372886666712,1.30683619874045,TRUE
"HALLMARK_COMPLEMENT","ENSG00000141506","PIK3R5",TRUE,TRUE,1.82727125425407,2.37540313656987,TRUE
"HALLMARK_COMPLEMENT","ENSG00000043462","LCP2",TRUE,TRUE,1.75037275426734,2.15238122508852,TRUE
"HALLMARK_COMPLEMENT","ENSG00000139318","DUSP6",TRUE,TRUE,1.73685954933049,2.55002624893726,TRUE
"HALLMARK_COMPLEMENT","ENSG00000168615","ADAM9",TRUE,TRUE,1.7043527865515,1.5933951939818,TRUE
"HALLMARK_COMPLEMENT","ENSG00000167083","GNGT2",TRUE,TRUE,1.67465703894563,1.89026746128218,TRUE
"HALLMARK_COMPLEMENT","ENSG00000115956","PLEK",TRUE,TRUE,1.65547233439241,2.50640555543141,TRUE
"HALLMARK_COMPLEMENT","ENSG00000178226","PRSS36",TRUE,TRUE,1.61841999808774,1.82000495979208,TRUE
"HALLMARK_COMPLEMENT","ENSG00000204389","HSPA1A",TRUE,TRUE,1.61099983992444,1.12335278674978,TRUE
"HALLMARK_COMPLEMENT","ENSG00000159176","CSRP1",TRUE,TRUE,1.58284831426915,1.16135370659257,TRUE
"HALLMARK_COMPLEMENT","ENSG00000109861","CTSC",TRUE,TRUE,1.5719518408223,1.30320381383718,TRUE
"HALLMARK_COMPLEMENT","ENSG00000256043","CTSO",TRUE,TRUE,1.56014504914645,1.84252949318915,TRUE
"HALLMARK_COMPLEMENT","ENSG00000114423","CBLB",TRUE,TRUE,1.55352526457943,1.3365727287399,TRUE
"HALLMARK_COMPLEMENT","ENSG00000015285","WAS",TRUE,TRUE,1.53775184356167,2.21436537097481,TRUE
"HALLMARK_COMPLEMENT","ENSG00000111252","SH2B3",TRUE,TRUE,1.52280051720717,1.71343852264119,TRUE
"HALLMARK_COMPLEMENT","ENSG00000135218","CD36",TRUE,TRUE,1.51689442624828,2.04488460402744,TRUE
"HALLMARK_COMPLEMENT","ENSG00000254087","LYN",TRUE,TRUE,1.50435356207067,2.04779476295956,TRUE
"HALLMARK_COMPLEMENT","ENSG00000118503","TNFAIP3",TRUE,TRUE,1.46155728300717,2.4334867838157,TRUE
"HALLMARK_COMPLEMENT","ENSG00000103811","CTSH",TRUE,TRUE,1.40807974171122,1.43934250746648,TRUE
"HALLMARK_COMPLEMENT","ENSG00000149131","SERPING1",TRUE,TRUE,1.39017569783862,2.32900348217084,TRUE
"HALLMARK_COMPLEMENT","ENSG00000131381","RBSN",TRUE,TRUE,1.37061324802937,1.30212204796358,TRUE
"HALLMARK_COMPLEMENT","ENSG00000131981","LGALS3",TRUE,FALSE,1.36908564526907,0.766372044450435,FALSE
"HALLMARK_COMPLEMENT","ENSG00000125347","IRF1",TRUE,FALSE,1.3567146911383,0.913294964848113,FALSE
"HALLMARK_COMPLEMENT","ENSG00000185245","GP1BA",TRUE,TRUE,1.30701558768778,1.77962711295071,TRUE
"HALLMARK_COMPLEMENT","ENSG00000136244","IL6",TRUE,TRUE,1.30475590092907,2.41930084404471,TRUE
"HALLMARK_COMPLEMENT","ENSG00000173372","C1QA",TRUE,TRUE,1.28718503306403,1.93515985897691,TRUE
"HALLMARK_COMPLEMENT","ENSG00000198668","CALM1",TRUE,TRUE,1.27905688428193,1.38007610571448,TRUE
"HALLMARK_COMPLEMENT","ENSG00000088387","DOCK9",TRUE,FALSE,1.27503109348962,0.521580954185363,FALSE
"HALLMARK_COMPLEMENT","ENSG00000168310","IRF2",TRUE,TRUE,1.2610300592373,1.37931060274992,TRUE
"HALLMARK_COMPLEMENT","ENSG00000100311","PDGFB",TRUE,FALSE,1.24470407205862,0.478945544843287,FALSE
"HALLMARK_COMPLEMENT","ENSG00000159403","C1R",TRUE,TRUE,1.21944117081202,1.88966502899251,TRUE
"HALLMARK_COMPLEMENT","ENSG00000115041","KCNIP3",TRUE,FALSE,1.19791139035348,0.88856761828487,FALSE
"HALLMARK_COMPLEMENT","ENSG00000182326","C1S",TRUE,TRUE,1.18603734018596,1.84471916025696,TRUE
"HALLMARK_COMPLEMENT","ENSG00000163131","CTSS",TRUE,TRUE,1.15729456802303,1.72711831083395,TRUE
"HALLMARK_COMPLEMENT","ENSG00000135905","DOCK10",TRUE,TRUE,1.15630796954272,1.64882727829343,TRUE
"HALLMARK_COMPLEMENT","ENSG00000169946","ZFPM2",TRUE,TRUE,1.1228609757268,1.30704952700567,TRUE
"HALLMARK_COMPLEMENT","ENSG00000104695","PPP2CB",TRUE,TRUE,1.11772350496616,1.38802973897,TRUE
"HALLMARK_COMPLEMENT","ENSG00000128512","DOCK4",TRUE,TRUE,1.10936967464304,1.23289802345541,TRUE
"HALLMARK_COMPLEMENT","ENSG00000085063","CD59",TRUE,FALSE,1.09233614024339,0.624507767821705,FALSE
"HALLMARK_COMPLEMENT","ENSG00000154655","L3MBTL4",FALSE,TRUE,0.983356298354546,1.46337265072716,FALSE
"HALLMARK_COMPLEMENT","ENSG00000118113","MMP8",FALSE,TRUE,0.921752530856194,1.50147687226707,FALSE
"HALLMARK_COMPLEMENT","ENSG00000185010","F8",FALSE,TRUE,0.918333840162931,1.95201497494753,FALSE
"HALLMARK_COMPLEMENT","ENSG00000240065","PSMB9",FALSE,TRUE,0.910724319137104,1.18402730666721,FALSE
"HALLMARK_COMPLEMENT","ENSG00000012223","LTF",FALSE,TRUE,0.898744774954623,1.20142311327346,FALSE
"HALLMARK_COMPLEMENT","ENSG00000159189","C1QC",FALSE,TRUE,0.875338002722263,1.46999455718263,FALSE
"HALLMARK_COMPLEMENT","ENSG00000125730","C3",FALSE,TRUE,0.874621540739302,2.1762154734184,FALSE
"HALLMARK_COMPLEMENT","ENSG00000100600","LGMN",FALSE,TRUE,0.818212909032369,1.45531232182726,FALSE
"HALLMARK_COMPLEMENT","ENSG00000011422","PLAUR",FALSE,TRUE,0.800431922977972,1.38443762992922,FALSE
"HALLMARK_COMPLEMENT","ENSG00000158869","FCER1G",FALSE,TRUE,0.796071631774944,1.48531828184795,FALSE
"HALLMARK_COMPLEMENT","ENSG00000164733","CTSB",FALSE,TRUE,0.794544375422685,1.68688135417955,FALSE
"HALLMARK_COMPLEMENT","ENSG00000137193","PIM1",FALSE,TRUE,0.791533647296185,1.10502232062489,FALSE
"HALLMARK_COMPLEMENT","ENSG00000274286","ADRA2B",FALSE,TRUE,0.788428555803352,2.22631097927595,FALSE
"HALLMARK_COMPLEMENT","ENSG00000087250","MT3",FALSE,TRUE,0.747997012076315,1.79558745417126,FALSE
"HALLMARK_COMPLEMENT","ENSG00000000971","CFH",FALSE,TRUE,0.648694603099071,1.45935394546527,FALSE
"HALLMARK_COMPLEMENT","ENSG00000169174","PCSK9",FALSE,TRUE,0.645252769035298,1.50335683279592,FALSE
"HALLMARK_COMPLEMENT","ENSG00000196954","CASP4",FALSE,TRUE,0.548235636911039,1.58234425494128,FALSE
"HALLMARK_COMPLEMENT","ENSG00000137714","FDX1",FALSE,TRUE,-0.220547186585241,1.1522277252298,FALSE
"HALLMARK_COMPLEMENT","ENSG00000138166","DUSP5",FALSE,TRUE,0.210941191816045,1.83801404899703,FALSE
"HALLMARK_COMPLEMENT","ENSG00000158825","CDA",FALSE,TRUE,-0.166226759170267,1.14750701468942,FALSE
"HALLMARK_COMPLEMENT","ENSG00000057593","F7",FALSE,TRUE,-0.0871969610333244,1.10867049800632,FALSE
