"pathway","pathway_label","model","NES","padj","significant"
"HALLMARK_OXIDATIVE_PHOSPHORYLATION","OXIDATIVE PHOSPHORYLATION","primary",-3.4487990652832,4.71692600928115e-38,TRUE
"HALLMARK_MYC_TARGETS_V1","MYC TARGETS V1","primary",-3.19634523686484,7.88573085029719e-30,TRUE
"HALLMARK_MTORC1_SIGNALING","MTORC1 SIGNALING","primary",-2.56283855246077,8.36395483432734e-15,TRUE
"HALLMARK_DNA_REPAIR","DNA REPAIR","primary",-2.47442877190881,5.11576697824582e-12,TRUE
"HALLMARK_UNFOLDED_PROTEIN_RESPONSE","UNFOLDED PROTEIN RESPONSE","primary",-2.46775705028749,2.94950000814403e-10,TRUE
"HALLMARK_FATTY_ACID_METABOLISM","FATTY ACID METABOLISM","primary",-2.43221603861435,1.84134519588281e-11,TRUE
"HALLMARK_XENOBIOTIC_METABOLISM","XENOBIOTIC METABOLISM","primary",-2.39679513209171,9.79532462630146e-12,TRUE
"HALLMARK_GLYCOLYSIS","GLYCOLYSIS","primary",-2.38241277247177,3.80523425191662e-12,TRUE
"HALLMARK_E2F_TARGETS","E2F TARGETS","primary",-2.23614631217877,2.75086399544078e-10,TRUE
"HALLMARK_MYC_TARGETS_V2","MYC TARGETS V2","primary",-2.13675618268505,2.98501878757311e-05,TRUE
"HALLMARK_BILE_ACID_METABOLISM","BILE ACID METABOLISM","primary",-2.08255028572959,2.32375103096135e-06,TRUE
"HALLMARK_PEROXISOME","PEROXISOME","primary",-2.05436819174944,3.4252998348362e-06,TRUE
"HALLMARK_PROTEIN_SECRETION","PROTEIN SECRETION","primary",-2.04328144039216,5.42981386477367e-06,TRUE
"HALLMARK_ADIPOGENESIS","ADIPOGENESIS","primary",-1.86721817364101,3.82402647881633e-06,TRUE
"HALLMARK_ESTROGEN_RESPONSE_EARLY","ESTROGEN RESPONSE EARLY","primary",-1.86589923690017,3.63023856232878e-06,TRUE
"HALLMARK_ESTROGEN_RESPONSE_LATE","ESTROGEN RESPONSE LATE","primary",-1.83303472466134,7.47735532304866e-06,TRUE
"HALLMARK_REACTIVE_OXYGEN_SPECIES_PATHWAY","REACTIVE OXYGEN SPECIES PATHWAY","primary",-1.65649954238255,0.00582104440389665,TRUE
"HALLMARK_CHOLESTEROL_HOMEOSTASIS","CHOLESTEROL HOMEOSTASIS","primary",-1.60832622421587,0.00459528885768604,TRUE
"HALLMARK_COAGULATION","COAGULATION","primary",-1.57121191030401,0.00308452150061236,TRUE
"HALLMARK_G2M_CHECKPOINT","G2M CHECKPOINT","primary",-1.54190255010479,0.0010928126128148,TRUE
"HALLMARK_ANDROGEN_RESPONSE","ANDROGEN RESPONSE","primary",-1.28307513583931,0.0554912985841879,FALSE
"HALLMARK_HEME_METABOLISM","HEME METABOLISM","primary",-1.27592167166263,0.0334674311931766,TRUE
"HALLMARK_UV_RESPONSE_UP","UV RESPONSE UP","primary",-1.23643574484273,0.0683502410245341,FALSE
"HALLMARK_HYPOXIA","HYPOXIA","primary",-0.97701317515445,0.590895827254158,FALSE
"HALLMARK_PI3K_AKT_MTOR_SIGNALING","PI3K AKT MTOR SIGNALING","primary",-0.916380017573739,0.710728836577637,FALSE
"HALLMARK_MITOTIC_SPINDLE","MITOTIC SPINDLE","primary",0.741714863984884,0.958090803259604,FALSE
"HALLMARK_SPERMATOGENESIS","SPERMATOGENESIS","primary",0.861370087912383,0.757164567954842,FALSE
"HALLMARK_P53_PATHWAY","P53 PATHWAY","primary",0.894134578373688,0.737645348837209,FALSE
"HALLMARK_NOTCH_SIGNALING","NOTCH SIGNALING","primary",1.10697083151779,0.340447154471545,FALSE
"HALLMARK_PANCREAS_BETA_CELLS","PANCREAS BETA CELLS","primary",1.16970189055125,0.293255131964809,FALSE
"HALLMARK_INTERFERON_ALPHA_RESPONSE","INTERFERON ALPHA RESPONSE","primary",1.2604862506827,0.129026240517349,FALSE
"HALLMARK_KRAS_SIGNALING_DN","KRAS SIGNALING DN","primary",1.26335028017478,0.0985839756228715,FALSE
"HALLMARK_COMPLEMENT","COMPLEMENT","primary",1.30729287902953,0.0522184948414457,FALSE
"HALLMARK_WNT_BETA_CATENIN_SIGNALING","WNT BETA CATENIN SIGNALING","primary",1.40563966068904,0.0683502410245341,FALSE
"HALLMARK_ANGIOGENESIS","ANGIOGENESIS","primary",1.4375325367261,0.0683502410245341,FALSE
"HALLMARK_APOPTOSIS","APOPTOSIS","primary",1.44316520465933,0.0126305429802985,TRUE
"HALLMARK_TGF_BETA_SIGNALING","TGF BETA SIGNALING","primary",1.52850763651639,0.0244476699160612,TRUE
"HALLMARK_APICAL_SURFACE","APICAL SURFACE","primary",1.65236547723514,0.0108736415282941,TRUE
"HALLMARK_UV_RESPONSE_DN","UV RESPONSE DN","primary",1.68086606923124,0.00069509215834517,TRUE
"HALLMARK_HEDGEHOG_SIGNALING","HEDGEHOG SIGNALING","primary",1.72948212508607,0.00819860007469428,TRUE
"HALLMARK_TNFA_SIGNALING_VIA_NFKB","TNFA SIGNALING VIA NFKB","primary",1.78538029820798,2.92032099123698e-05,TRUE
"HALLMARK_KRAS_SIGNALING_UP","KRAS SIGNALING UP","primary",1.84777291570838,5.74673054085932e-06,TRUE
"HALLMARK_IL2_STAT5_SIGNALING","IL2 STAT5 SIGNALING","primary",1.90977643979327,1.68393421044574e-06,TRUE
"HALLMARK_IL6_JAK_STAT3_SIGNALING","IL6 JAK STAT3 SIGNALING","primary",1.99491887786327,1.8680322803712e-05,TRUE
"HALLMARK_INTERFERON_GAMMA_RESPONSE","INTERFERON GAMMA RESPONSE","primary",2.05607016551534,2.05221368125399e-08,TRUE
"HALLMARK_APICAL_JUNCTION","APICAL JUNCTION","primary",2.07229574384127,1.28861335199524e-08,TRUE
"HALLMARK_MYOGENESIS","MYOGENESIS","primary",2.09146282653702,7.40949025092713e-09,TRUE
"HALLMARK_EPITHELIAL_MESENCHYMAL_TRANSITION","EPITHELIAL MESENCHYMAL TRANSITION","primary",2.31054590871232,2.65351330082832e-13,TRUE
"HALLMARK_INFLAMMATORY_RESPONSE","INFLAMMATORY RESPONSE","primary",2.31504871050526,7.4625888925454e-13,TRUE
"HALLMARK_ALLOGRAFT_REJECTION","ALLOGRAFT REJECTION","primary",2.36574012311448,1.17345744001801e-13,TRUE
"HALLMARK_OXIDATIVE_PHOSPHORYLATION","OXIDATIVE PHOSPHORYLATION","no_R18",-2.87928096085119,5.42757883209051e-22,TRUE
"HALLMARK_MYC_TARGETS_V1","MYC TARGETS V1","no_R18",-3.21248492714681,3.77450943744236e-30,TRUE
"HALLMARK_MTORC1_SIGNALING","MTORC1 SIGNALING","no_R18",-2.10220148574304,1.07746555074023e-08,TRUE
"HALLMARK_DNA_REPAIR","DNA REPAIR","no_R18",-2.17626697938097,1.07746555074023e-08,TRUE
"HALLMARK_UNFOLDED_PROTEIN_RESPONSE","UNFOLDED PROTEIN RESPONSE","no_R18",-2.36659776442951,1.88310881810546e-09,TRUE
"HALLMARK_FATTY_ACID_METABOLISM","FATTY ACID METABOLISM","no_R18",-1.67108399400485,0.000229093017916801,TRUE
"HALLMARK_XENOBIOTIC_METABOLISM","XENOBIOTIC METABOLISM","no_R18",-1.86890638646604,3.02271574670673e-06,TRUE
"HALLMARK_GLYCOLYSIS","GLYCOLYSIS","no_R18",-1.78398672616672,1.91830056738895e-05,TRUE
"HALLMARK_E2F_TARGETS","E2F TARGETS","no_R18",-2.07495869898367,2.07359121650392e-08,TRUE
"HALLMARK_MYC_TARGETS_V2","MYC TARGETS V2","no_R18",-1.96590193775333,0.000279614631738751,TRUE
"HALLMARK_BILE_ACID_METABOLISM","BILE ACID METABOLISM","no_R18",-1.50735070931989,0.0100752314811221,TRUE
"HALLMARK_PEROXISOME","PEROXISOME","no_R18",-1.49883678584895,0.0105924611855375,TRUE
"HALLMARK_PROTEIN_SECRETION","PROTEIN SECRETION","no_R18",-1.71583008763953,0.000890792800436685,TRUE
"HALLMARK_ADIPOGENESIS","ADIPOGENESIS","no_R18",-1.20828457945698,0.0673776190521529,FALSE
"HALLMARK_ESTROGEN_RESPONSE_EARLY","ESTROGEN RESPONSE EARLY","no_R18",-2.20886969649342,1.80488489038294e-10,TRUE
"HALLMARK_ESTROGEN_RESPONSE_LATE","ESTROGEN RESPONSE LATE","no_R18",-1.98266905701309,1.19880425094967e-07,TRUE
"HALLMARK_REACTIVE_OXYGEN_SPECIES_PATHWAY","REACTIVE OXYGEN SPECIES PATHWAY","no_R18",-0.996371693000839,0.474576271186441,FALSE
"HALLMARK_CHOLESTEROL_HOMEOSTASIS","CHOLESTEROL HOMEOSTASIS","no_R18",-1.03044564959919,0.421554252199414,FALSE
"HALLMARK_COAGULATION","COAGULATION","no_R18",1.25936031956865,0.133631777636722,FALSE
"HALLMARK_G2M_CHECKPOINT","G2M CHECKPOINT","no_R18",-1.41946406785742,0.00489416145013765,TRUE
"HALLMARK_ANDROGEN_RESPONSE","ANDROGEN RESPONSE","no_R18",-0.924383002510396,0.688360450563204,FALSE
"HALLMARK_HEME_METABOLISM","HEME METABOLISM","no_R18",0.873677193585489,0.791380625476735,FALSE
"HALLMARK_UV_RESPONSE_UP","UV RESPONSE UP","no_R18",0.977984676334983,0.551223794278633,FALSE
"HALLMARK_HYPOXIA","HYPOXIA","no_R18",1.2585090875655,0.105266465560583,FALSE
"HALLMARK_PI3K_AKT_MTOR_SIGNALING","PI3K AKT MTOR SIGNALING","no_R18",0.767865484360865,0.904718575328221,FALSE
"HALLMARK_MITOTIC_SPINDLE","MITOTIC SPINDLE","no_R18",0.690634104919214,0.989807474518686,FALSE
"HALLMARK_SPERMATOGENESIS","SPERMATOGENESIS","no_R18",1.13713667326822,0.295703867132439,FALSE
"HALLMARK_P53_PATHWAY","P53 PATHWAY","no_R18",1.13662912436159,0.257858901926699,FALSE
"HALLMARK_NOTCH_SIGNALING","NOTCH SIGNALING","no_R18",1.06180963870998,0.421554252199414,FALSE
"HALLMARK_PANCREAS_BETA_CELLS","PANCREAS BETA CELLS","no_R18",1.19544095326519,0.284101890147269,FALSE
"HALLMARK_INTERFERON_ALPHA_RESPONSE","INTERFERON ALPHA RESPONSE","no_R18",1.38328369094889,0.0515627478978264,FALSE
"HALLMARK_KRAS_SIGNALING_DN","KRAS SIGNALING DN","no_R18",1.19056439403207,0.202061986889836,FALSE
"HALLMARK_COMPLEMENT","COMPLEMENT","no_R18",1.85771770397011,2.34069277723049e-06,TRUE
"HALLMARK_WNT_BETA_CATENIN_SIGNALING","WNT BETA CATENIN SIGNALING","no_R18",1.18420700338964,0.269679300291545,FALSE
"HALLMARK_ANGIOGENESIS","ANGIOGENESIS","no_R18",1.53939000218176,0.0515627478978264,FALSE
"HALLMARK_APOPTOSIS","APOPTOSIS","no_R18",1.62096072761385,0.001675656297882,TRUE
"HALLMARK_TGF_BETA_SIGNALING","TGF BETA SIGNALING","no_R18",1.44377075634055,0.0540810383559364,FALSE
"HALLMARK_APICAL_SURFACE","APICAL SURFACE","no_R18",1.71714503977638,0.00408978059796871,TRUE
"HALLMARK_UV_RESPONSE_DN","UV RESPONSE DN","no_R18",1.65370610005307,0.00165179840903353,TRUE
"HALLMARK_HEDGEHOG_SIGNALING","HEDGEHOG SIGNALING","no_R18",1.66725997018308,0.0150072735736231,TRUE
"HALLMARK_TNFA_SIGNALING_VIA_NFKB","TNFA SIGNALING VIA NFKB","no_R18",2.3255443750661,2.69574745794914e-13,TRUE
"HALLMARK_KRAS_SIGNALING_UP","KRAS SIGNALING UP","no_R18",2.18479533896393,1.926696486216e-10,TRUE
"HALLMARK_IL2_STAT5_SIGNALING","IL2 STAT5 SIGNALING","no_R18",2.1420022052495,6.79202391341329e-10,TRUE
"HALLMARK_IL6_JAK_STAT3_SIGNALING","IL6 JAK STAT3 SIGNALING","no_R18",2.41602446304976,3.61308452633125e-10,TRUE
"HALLMARK_INTERFERON_GAMMA_RESPONSE","INTERFERON GAMMA RESPONSE","no_R18",2.29456317327644,8.30514021282351e-13,TRUE
"HALLMARK_APICAL_JUNCTION","APICAL JUNCTION","no_R18",1.88320017445171,2.38844551263669e-06,TRUE
"HALLMARK_MYOGENESIS","MYOGENESIS","no_R18",2.13689109422782,2.10941511316536e-09,TRUE
"HALLMARK_EPITHELIAL_MESENCHYMAL_TRANSITION","EPITHELIAL MESENCHYMAL TRANSITION","no_R18",2.45367123354565,2.53652728419041e-16,TRUE
"HALLMARK_INFLAMMATORY_RESPONSE","INFLAMMATORY RESPONSE","no_R18",2.63966739719364,6.95001276586025e-21,TRUE
"HALLMARK_ALLOGRAFT_REJECTION","ALLOGRAFT REJECTION","no_R18",2.83391444496507,5.56101602556403e-27,TRUE
"HALLMARK_OXIDATIVE_PHOSPHORYLATION","OXIDATIVE PHOSPHORYLATION","no_R23",-3.12185463953797,1.15295989529605e-28,TRUE
"HALLMARK_MYC_TARGETS_V1","MYC TARGETS V1","no_R23",-2.70508977824701,2.03968602207918e-18,TRUE
"HALLMARK_MTORC1_SIGNALING","MTORC1 SIGNALING","no_R23",-2.20619151066624,3.39559950479685e-10,TRUE
"HALLMARK_DNA_REPAIR","DNA REPAIR","no_R23",-2.26826600575267,6.83319244154689e-09,TRUE
"HALLMARK_UNFOLDED_PROTEIN_RESPONSE","UNFOLDED PROTEIN RESPONSE","no_R23",-2.08130833567818,1.93159644702321e-06,TRUE
"HALLMARK_FATTY_ACID_METABOLISM","FATTY ACID METABOLISM","no_R23",-2.38320753281702,1.95561952922958e-10,TRUE
"HALLMARK_XENOBIOTIC_METABOLISM","XENOBIOTIC METABOLISM","no_R23",-2.66879567458767,2.21204986941081e-16,TRUE
"HALLMARK_GLYCOLYSIS","GLYCOLYSIS","no_R23",-2.26997904465194,3.71932832852358e-10,TRUE
"HALLMARK_E2F_TARGETS","E2F TARGETS","no_R23",-1.01919511380323,0.463591135232926,FALSE
"HALLMARK_MYC_TARGETS_V2","MYC TARGETS V2","no_R23",-1.61865948009261,0.0124002057654858,TRUE
"HALLMARK_BILE_ACID_METABOLISM","BILE ACID METABOLISM","no_R23",-2.28017960988343,3.41359662200332e-08,TRUE
"HALLMARK_PEROXISOME","PEROXISOME","no_R23",-1.8374626788474,0.000173769684893791,TRUE
"HALLMARK_PROTEIN_SECRETION","PROTEIN SECRETION","no_R23",-1.67217912770387,0.00173838687011503,TRUE
"HALLMARK_ADIPOGENESIS","ADIPOGENESIS","no_R23",-1.71640826332717,5.78074922762002e-05,TRUE
"HALLMARK_ESTROGEN_RESPONSE_EARLY","ESTROGEN RESPONSE EARLY","no_R23",-1.96566688406517,7.45102429152679e-07,TRUE
"HALLMARK_ESTROGEN_RESPONSE_LATE","ESTROGEN RESPONSE LATE","no_R23",-1.92917939063552,4.78331191374518e-07,TRUE
"HALLMARK_REACTIVE_OXYGEN_SPECIES_PATHWAY","REACTIVE OXYGEN SPECIES PATHWAY","no_R23",-1.44141554792541,0.0532789774747705,FALSE
"HALLMARK_CHOLESTEROL_HOMEOSTASIS","CHOLESTEROL HOMEOSTASIS","no_R23",-1.65572406887842,0.00631587985689657,TRUE
"HALLMARK_COAGULATION","COAGULATION","no_R23",-2.05018234630282,1.01964473270826e-06,TRUE
"HALLMARK_G2M_CHECKPOINT","G2M CHECKPOINT","no_R23",-0.437490463592279,1,FALSE
"HALLMARK_ANDROGEN_RESPONSE","ANDROGEN RESPONSE","no_R23",-1.14465716560028,0.238873522755846,FALSE
"HALLMARK_HEME_METABOLISM","HEME METABOLISM","no_R23",-1.42255325033308,0.0073299398723102,TRUE
"HALLMARK_UV_RESPONSE_UP","UV RESPONSE UP","no_R23",-0.97516266459866,0.557861961598339,FALSE
"HALLMARK_HYPOXIA","HYPOXIA","no_R23",-1.38245836569126,0.0187944745701767,TRUE
"HALLMARK_PI3K_AKT_MTOR_SIGNALING","PI3K AKT MTOR SIGNALING","no_R23",-0.810063705245284,0.893298495868936,FALSE
"HALLMARK_MITOTIC_SPINDLE","MITOTIC SPINDLE","no_R23",1.06494105099929,0.371628487646256,FALSE
"HALLMARK_SPERMATOGENESIS","SPERMATOGENESIS","no_R23",0.960028030222881,0.557861961598339,FALSE
"HALLMARK_P53_PATHWAY","P53 PATHWAY","no_R23",1.00943152055534,0.494291283764968,FALSE
"HALLMARK_NOTCH_SIGNALING","NOTCH SIGNALING","no_R23",0.946049242268319,0.562433439829606,FALSE
"HALLMARK_PANCREAS_BETA_CELLS","PANCREAS BETA CELLS","no_R23",1.36121789723023,0.117130931084419,FALSE
"HALLMARK_INTERFERON_ALPHA_RESPONSE","INTERFERON ALPHA RESPONSE","no_R23",1.36295443721894,0.0579950289975145,FALSE
"HALLMARK_KRAS_SIGNALING_DN","KRAS SIGNALING DN","no_R23",1.24139999398073,0.117130931084419,FALSE
"HALLMARK_COMPLEMENT","COMPLEMENT","no_R23",1.09721024924775,0.304400241109102,FALSE
"HALLMARK_WNT_BETA_CATENIN_SIGNALING","WNT BETA CATENIN SIGNALING","no_R23",1.28670928312804,0.159657320872274,FALSE
"HALLMARK_ANGIOGENESIS","ANGIOGENESIS","no_R23",1.40939049617428,0.0893807193019791,FALSE
"HALLMARK_APOPTOSIS","APOPTOSIS","no_R23",1.43307876107303,0.0217346971784797,TRUE
"HALLMARK_TGF_BETA_SIGNALING","TGF BETA SIGNALING","no_R23",1.4334450017717,0.0627705627705628,FALSE
"HALLMARK_APICAL_SURFACE","APICAL SURFACE","no_R23",1.65749601148658,0.0121700579627262,TRUE
"HALLMARK_UV_RESPONSE_DN","UV RESPONSE DN","no_R23",1.5223809118237,0.0073299398723102,TRUE
"HALLMARK_HEDGEHOG_SIGNALING","HEDGEHOG SIGNALING","no_R23",1.42704996405343,0.0831146106736658,FALSE
"HALLMARK_TNFA_SIGNALING_VIA_NFKB","TNFA SIGNALING VIA NFKB","no_R23",1.62315977209783,0.000638366269879108,TRUE
"HALLMARK_KRAS_SIGNALING_UP","KRAS SIGNALING UP","no_R23",1.55774684628864,0.00313394470481419,TRUE
"HALLMARK_IL2_STAT5_SIGNALING","IL2 STAT5 SIGNALING","no_R23",1.87028388338102,1.79038982267386e-06,TRUE
"HALLMARK_IL6_JAK_STAT3_SIGNALING","IL6 JAK STAT3 SIGNALING","no_R23",1.85391052038558,0.000217898531374093,TRUE
"HALLMARK_INTERFERON_GAMMA_RESPONSE","INTERFERON GAMMA RESPONSE","no_R23",2.01932278618803,4.07708726479911e-08,TRUE
"HALLMARK_APICAL_JUNCTION","APICAL JUNCTION","no_R23",2.01238706014952,8.68110346442624e-08,TRUE
"HALLMARK_MYOGENESIS","MYOGENESIS","no_R23",1.99295143623124,2.75664173398547e-07,TRUE
"HALLMARK_EPITHELIAL_MESENCHYMAL_TRANSITION","EPITHELIAL MESENCHYMAL TRANSITION","no_R23",1.97034247403676,2.51412519402671e-07,TRUE
"HALLMARK_INFLAMMATORY_RESPONSE","INFLAMMATORY RESPONSE","no_R23",2.20731208155863,1.95561952922958e-10,TRUE
"HALLMARK_ALLOGRAFT_REJECTION","ALLOGRAFT REJECTION","no_R23",2.3609735416055,2.88967211246546e-13,TRUE
"HALLMARK_OXIDATIVE_PHOSPHORYLATION","OXIDATIVE PHOSPHORYLATION","no_R33",-3.3989051876268,5.27980836638702e-37,TRUE
"HALLMARK_MYC_TARGETS_V1","MYC TARGETS V1","no_R33",-3.17110077968045,1.28611360116202e-29,TRUE
"HALLMARK_MTORC1_SIGNALING","MTORC1 SIGNALING","no_R33",-2.60963311464434,2.22595834002127e-16,TRUE
"HALLMARK_DNA_REPAIR","DNA REPAIR","no_R33",-2.55674826301894,1.64638628438048e-13,TRUE
"HALLMARK_UNFOLDED_PROTEIN_RESPONSE","UNFOLDED PROTEIN RESPONSE","no_R33",-2.48080363947424,7.40073445706265e-11,TRUE
"HALLMARK_FATTY_ACID_METABOLISM","FATTY ACID METABOLISM","no_R33",-2.40231335498659,1.23129436943052e-11,TRUE
"HALLMARK_XENOBIOTIC_METABOLISM","XENOBIOTIC METABOLISM","no_R33",-2.3902994477354,1.09732877288874e-12,TRUE
"HALLMARK_GLYCOLYSIS","GLYCOLYSIS","no_R33",-2.23505243524183,9.42795153025847e-11,TRUE
"HALLMARK_E2F_TARGETS","E2F TARGETS","no_R33",-2.25514665355086,6.1082581622006e-11,TRUE
"HALLMARK_MYC_TARGETS_V2","MYC TARGETS V2","no_R33",-2.36032356404812,1.51856763767799e-07,TRUE
"HALLMARK_BILE_ACID_METABOLISM","BILE ACID METABOLISM","no_R33",-1.91001669103666,3.1335059170821e-05,TRUE
"HALLMARK_PEROXISOME","PEROXISOME","no_R33",-1.97424960235471,1.42551790916201e-05,TRUE
"HALLMARK_PROTEIN_SECRETION","PROTEIN SECRETION","no_R33",-1.66404100109591,0.00117489169196256,TRUE
"HALLMARK_ADIPOGENESIS","ADIPOGENESIS","no_R33",-1.78464398585127,5.09244899611432e-06,TRUE
"HALLMARK_ESTROGEN_RESPONSE_EARLY","ESTROGEN RESPONSE EARLY","no_R33",-1.71179714510237,1.44202463648625e-05,TRUE
"HALLMARK_ESTROGEN_RESPONSE_LATE","ESTROGEN RESPONSE LATE","no_R33",-1.85705660901703,1.06960397811646e-06,TRUE
"HALLMARK_REACTIVE_OXYGEN_SPECIES_PATHWAY","REACTIVE OXYGEN SPECIES PATHWAY","no_R33",-1.84633265550878,0.00147968526584645,TRUE
"HALLMARK_CHOLESTEROL_HOMEOSTASIS","CHOLESTEROL HOMEOSTASIS","no_R33",-1.57191384041982,0.00611849491379393,TRUE
"HALLMARK_COAGULATION","COAGULATION","no_R33",-1.54803103056133,0.00208018030058562,TRUE
"HALLMARK_G2M_CHECKPOINT","G2M CHECKPOINT","no_R33",-1.46924793847696,0.00243165281915794,TRUE
"HALLMARK_ANDROGEN_RESPONSE","ANDROGEN RESPONSE","no_R33",-1.06074058699192,0.403409090909091,FALSE
"HALLMARK_HEME_METABOLISM","HEME METABOLISM","no_R33",-1.10364150642193,0.168522667701122,FALSE
"HALLMARK_UV_RESPONSE_UP","UV RESPONSE UP","no_R33",-1.23930319066496,0.0554053313481856,FALSE
"HALLMARK_HYPOXIA","HYPOXIA","no_R33",-0.995734730333628,0.491452991452991,FALSE
"HALLMARK_PI3K_AKT_MTOR_SIGNALING","PI3K AKT MTOR SIGNALING","no_R33",-0.952457835104099,0.604816934874177,FALSE
"HALLMARK_MITOTIC_SPINDLE","MITOTIC SPINDLE","no_R33",0.91881212008615,0.682831661092531,FALSE
"HALLMARK_SPERMATOGENESIS","SPERMATOGENESIS","no_R33",0.829371472948936,0.808308114120173,FALSE
"HALLMARK_P53_PATHWAY","P53 PATHWAY","no_R33",0.80041394459672,0.893333333333333,FALSE
"HALLMARK_NOTCH_SIGNALING","NOTCH SIGNALING","no_R33",1.34452115640883,0.117816698318914,FALSE
"HALLMARK_PANCREAS_BETA_CELLS","PANCREAS BETA CELLS","no_R33",1.3857605562767,0.0960061443932412,FALSE
"HALLMARK_INTERFERON_ALPHA_RESPONSE","INTERFERON ALPHA RESPONSE","no_R33",0.980717824372883,0.546258200822862,FALSE
"HALLMARK_KRAS_SIGNALING_DN","KRAS SIGNALING DN","no_R33",1.33789923468526,0.0558726707136601,FALSE
"HALLMARK_COMPLEMENT","COMPLEMENT","no_R33",1.24367202901035,0.104801829268293,FALSE
"HALLMARK_WNT_BETA_CATENIN_SIGNALING","WNT BETA CATENIN SIGNALING","no_R33",1.4723246717589,0.0550822561692127,FALSE
"HALLMARK_ANGIOGENESIS","ANGIOGENESIS","no_R33",1.54702985322186,0.0361055134512878,TRUE
"HALLMARK_APOPTOSIS","APOPTOSIS","no_R33",1.41084029231859,0.0268076481747787,TRUE
"HALLMARK_TGF_BETA_SIGNALING","TGF BETA SIGNALING","no_R33",1.43951422715728,0.0550822561692127,FALSE
"HALLMARK_APICAL_SURFACE","APICAL SURFACE","no_R33",1.65554590466209,0.00538595264671143,TRUE
"HALLMARK_UV_RESPONSE_DN","UV RESPONSE DN","no_R33",1.89046585058765,7.14715147826139e-06,TRUE
"HALLMARK_HEDGEHOG_SIGNALING","HEDGEHOG SIGNALING","no_R33",1.93344292853116,0.000675053986538827,TRUE
"HALLMARK_TNFA_SIGNALING_VIA_NFKB","TNFA SIGNALING VIA NFKB","no_R33",1.59364624273508,0.000756215158781906,TRUE
"HALLMARK_KRAS_SIGNALING_UP","KRAS SIGNALING UP","no_R33",1.84896592418341,7.15665287629525e-06,TRUE
"HALLMARK_IL2_STAT5_SIGNALING","IL2 STAT5 SIGNALING","no_R33",1.8765173693812,1.14453332643274e-06,TRUE
"HALLMARK_IL6_JAK_STAT3_SIGNALING","IL6 JAK STAT3 SIGNALING","no_R33",1.64168579330857,0.00409193810293151,TRUE
"HALLMARK_INTERFERON_GAMMA_RESPONSE","INTERFERON GAMMA RESPONSE","no_R33",1.78097021050417,1.14541644425768e-05,TRUE
"HALLMARK_APICAL_JUNCTION","APICAL JUNCTION","no_R33",2.18696606019381,5.64025361914605e-11,TRUE
"HALLMARK_MYOGENESIS","MYOGENESIS","no_R33",2.04335780160201,1.85401105770593e-08,TRUE
"HALLMARK_EPITHELIAL_MESENCHYMAL_TRANSITION","EPITHELIAL MESENCHYMAL TRANSITION","no_R33",2.3574801340457,1.16153326990049e-14,TRUE
"HALLMARK_INFLAMMATORY_RESPONSE","INFLAMMATORY RESPONSE","no_R33",2.16818500170102,1.03564950651178e-10,TRUE
"HALLMARK_ALLOGRAFT_REJECTION","ALLOGRAFT REJECTION","no_R33",2.14019445902683,4.04228042177519e-10,TRUE
"HALLMARK_OXIDATIVE_PHOSPHORYLATION","OXIDATIVE PHOSPHORYLATION","no_R36",-3.45065766910888,1.42094151430219e-38,TRUE
"HALLMARK_MYC_TARGETS_V1","MYC TARGETS V1","no_R36",-3.24447462661094,1.45258368417222e-31,TRUE
"HALLMARK_MTORC1_SIGNALING","MTORC1 SIGNALING","no_R36",-2.87262039015041,1.31552844396749e-21,TRUE
"HALLMARK_DNA_REPAIR","DNA REPAIR","no_R36",-2.37171101022021,2.77810416337258e-10,TRUE
"HALLMARK_UNFOLDED_PROTEIN_RESPONSE","UNFOLDED PROTEIN RESPONSE","no_R36",-2.53144504616157,5.6837992981157e-11,TRUE
"HALLMARK_FATTY_ACID_METABOLISM","FATTY ACID METABOLISM","no_R36",-2.52677530627634,5.38348312512865e-13,TRUE
"HALLMARK_XENOBIOTIC_METABOLISM","XENOBIOTIC METABOLISM","no_R36",-2.39630029887824,1.76029661507103e-12,TRUE
"HALLMARK_GLYCOLYSIS","GLYCOLYSIS","no_R36",-2.658834178151,1.66596037403627e-17,TRUE
"HALLMARK_E2F_TARGETS","E2F TARGETS","no_R36",-1.99426869529325,3.0437339731221e-07,TRUE
"HALLMARK_MYC_TARGETS_V2","MYC TARGETS V2","no_R36",-2.24964514262433,5.33340677831166e-06,TRUE
"HALLMARK_BILE_ACID_METABOLISM","BILE ACID METABOLISM","no_R36",-2.13788369782679,4.91009574061489e-07,TRUE
"HALLMARK_PEROXISOME","PEROXISOME","no_R36",-1.84760809044035,9.13719170095627e-05,TRUE
"HALLMARK_PROTEIN_SECRETION","PROTEIN SECRETION","no_R36",-1.99779326789685,1.12768249235709e-05,TRUE
"HALLMARK_ADIPOGENESIS","ADIPOGENESIS","no_R36",-1.90405474992411,9.44813239807555e-07,TRUE
"HALLMARK_ESTROGEN_RESPONSE_EARLY","ESTROGEN RESPONSE EARLY","no_R36",-1.6806594056264,8.94935231372564e-05,TRUE
"HALLMARK_ESTROGEN_RESPONSE_LATE","ESTROGEN RESPONSE LATE","no_R36",-1.61756992034402,0.000247779992557947,TRUE
"HALLMARK_REACTIVE_OXYGEN_SPECIES_PATHWAY","REACTIVE OXYGEN SPECIES PATHWAY","no_R36",-1.85479209526308,0.00212559633237483,TRUE
"HALLMARK_CHOLESTEROL_HOMEOSTASIS","CHOLESTEROL HOMEOSTASIS","no_R36",-1.68047001757655,0.00399125321790792,TRUE
"HALLMARK_COAGULATION","COAGULATION","no_R36",-1.59562139762278,0.00148530790401474,TRUE
"HALLMARK_G2M_CHECKPOINT","G2M CHECKPOINT","no_R36",-1.31998175973285,0.0239135943992765,TRUE
"HALLMARK_ANDROGEN_RESPONSE","ANDROGEN RESPONSE","no_R36",-1.37269012281668,0.0375296384995861,TRUE
"HALLMARK_HEME_METABOLISM","HEME METABOLISM","no_R36",-1.45233028322129,0.0042990338422339,TRUE
"HALLMARK_UV_RESPONSE_UP","UV RESPONSE UP","no_R36",-1.43392543952089,0.00868398677488325,TRUE
"HALLMARK_HYPOXIA","HYPOXIA","no_R36",-1.77263590503425,2.37215492040156e-05,TRUE
"HALLMARK_PI3K_AKT_MTOR_SIGNALING","PI3K AKT MTOR SIGNALING","no_R36",-1.05566004221189,0.40169133192389,FALSE
"HALLMARK_MITOTIC_SPINDLE","MITOTIC SPINDLE","no_R36",0.698146561384712,0.98410896708286,FALSE
"HALLMARK_SPERMATOGENESIS","SPERMATOGENESIS","no_R36",0.911790562868675,0.660636935734329,FALSE
"HALLMARK_P53_PATHWAY","P53 PATHWAY","no_R36",-0.92021847318179,0.74771287825475,FALSE
"HALLMARK_NOTCH_SIGNALING","NOTCH SIGNALING","no_R36",1.2380750691123,0.214779759737896,FALSE
"HALLMARK_PANCREAS_BETA_CELLS","PANCREAS BETA CELLS","no_R36",1.15599598774514,0.329120589784097,FALSE
"HALLMARK_INTERFERON_ALPHA_RESPONSE","INTERFERON ALPHA RESPONSE","no_R36",0.886582626134262,0.70844169917642,FALSE
"HALLMARK_KRAS_SIGNALING_DN","KRAS SIGNALING DN","no_R36",1.27397314173875,0.0999180999180999,FALSE
"HALLMARK_COMPLEMENT","COMPLEMENT","no_R36",-1.06828257150621,0.345954257159331,FALSE
"HALLMARK_WNT_BETA_CATENIN_SIGNALING","WNT BETA CATENIN SIGNALING","no_R36",1.3386151530134,0.12031166450233,FALSE
"HALLMARK_ANGIOGENESIS","ANGIOGENESIS","no_R36",1.26695268588174,0.199487554904832,FALSE
"HALLMARK_APOPTOSIS","APOPTOSIS","no_R36",1.22839593499849,0.141268683922712,FALSE
"HALLMARK_TGF_BETA_SIGNALING","TGF BETA SIGNALING","no_R36",1.02519512727147,0.458392101551481,FALSE
"HALLMARK_APICAL_SURFACE","APICAL SURFACE","no_R36",1.50704400300786,0.0272607993939256,TRUE
"HALLMARK_UV_RESPONSE_DN","UV RESPONSE DN","no_R36",1.44458562208011,0.0243458398001833,TRUE
"HALLMARK_HEDGEHOG_SIGNALING","HEDGEHOG SIGNALING","no_R36",1.61369319674168,0.0272194880702795,TRUE
"HALLMARK_TNFA_SIGNALING_VIA_NFKB","TNFA SIGNALING VIA NFKB","no_R36",1.02652230724568,0.458392101551481,FALSE
"HALLMARK_KRAS_SIGNALING_UP","KRAS SIGNALING UP","no_R36",1.54356407280861,0.00401830679444047,TRUE
"HALLMARK_IL2_STAT5_SIGNALING","IL2 STAT5 SIGNALING","no_R36",1.70345252519657,0.00015967221905066,TRUE
"HALLMARK_IL6_JAK_STAT3_SIGNALING","IL6 JAK STAT3 SIGNALING","no_R36",1.55038494240695,0.0151260475478973,TRUE
"HALLMARK_INTERFERON_GAMMA_RESPONSE","INTERFERON GAMMA RESPONSE","no_R36",1.45065870014866,0.00834783890782517,TRUE
"HALLMARK_APICAL_JUNCTION","APICAL JUNCTION","no_R36",1.79961384604041,3.14966641062173e-05,TRUE
"HALLMARK_MYOGENESIS","MYOGENESIS","no_R36",1.95862660373103,3.15720406984757e-07,TRUE
"HALLMARK_EPITHELIAL_MESENCHYMAL_TRANSITION","EPITHELIAL MESENCHYMAL TRANSITION","no_R36",1.56275586872358,0.00208265710771745,TRUE
"HALLMARK_INFLAMMATORY_RESPONSE","INFLAMMATORY RESPONSE","no_R36",1.88906564425406,1.67413450392489e-06,TRUE
"HALLMARK_ALLOGRAFT_REJECTION","ALLOGRAFT REJECTION","no_R36",1.98970294624196,2.8223422564252e-07,TRUE
"HALLMARK_OXIDATIVE_PHOSPHORYLATION","OXIDATIVE PHOSPHORYLATION","no_R49",-3.46178179475623,3.39955695320231e-38,TRUE
"HALLMARK_MYC_TARGETS_V1","MYC TARGETS V1","no_R49",-3.23261819037763,9.18765681822276e-31,TRUE
"HALLMARK_MTORC1_SIGNALING","MTORC1 SIGNALING","no_R49",-2.57777955255345,5.36237272672759e-15,TRUE
"HALLMARK_DNA_REPAIR","DNA REPAIR","no_R49",-2.48959186422763,3.75953619160545e-12,TRUE
"HALLMARK_UNFOLDED_PROTEIN_RESPONSE","UNFOLDED PROTEIN RESPONSE","no_R49",-2.5266731790983,1.04188816644006e-11,TRUE
"HALLMARK_FATTY_ACID_METABOLISM","FATTY ACID METABOLISM","no_R49",-2.48577997509432,2.96619072369607e-12,TRUE
"HALLMARK_XENOBIOTIC_METABOLISM","XENOBIOTIC METABOLISM","no_R49",-2.4772740694163,2.44869298102019e-13,TRUE
"HALLMARK_GLYCOLYSIS","GLYCOLYSIS","no_R49",-2.53434001052131,1.72855773851644e-14,TRUE
"HALLMARK_E2F_TARGETS","E2F TARGETS","no_R49",-2.50816078943414,6.93670410079287e-14,TRUE
"HALLMARK_MYC_TARGETS_V2","MYC TARGETS V2","no_R49",-2.18953328913711,4.46553723847686e-06,TRUE
"HALLMARK_BILE_ACID_METABOLISM","BILE ACID METABOLISM","no_R49",-2.20313394428246,3.42232885072611e-07,TRUE
"HALLMARK_PEROXISOME","PEROXISOME","no_R49",-2.07683021210671,3.23110674586659e-06,TRUE
"HALLMARK_PROTEIN_SECRETION","PROTEIN SECRETION","no_R49",-2.15580946614231,6.96409769119044e-07,TRUE
"HALLMARK_ADIPOGENESIS","ADIPOGENESIS","no_R49",-2.00984384489546,5.55718041150058e-08,TRUE
"HALLMARK_ESTROGEN_RESPONSE_EARLY","ESTROGEN RESPONSE EARLY","no_R49",-2.22489464174253,2.42140855804015e-10,TRUE
"HALLMARK_ESTROGEN_RESPONSE_LATE","ESTROGEN RESPONSE LATE","no_R49",-2.31141723831624,1.04188816644006e-11,TRUE
"HALLMARK_REACTIVE_OXYGEN_SPECIES_PATHWAY","REACTIVE OXYGEN SPECIES PATHWAY","no_R49",-1.76846445728619,0.00552112343426929,TRUE
"HALLMARK_CHOLESTEROL_HOMEOSTASIS","CHOLESTEROL HOMEOSTASIS","no_R49",-1.79109620545602,0.00123954542042985,TRUE
"HALLMARK_COAGULATION","COAGULATION","no_R49",-1.88695225639273,2.04437781767919e-05,TRUE
"HALLMARK_G2M_CHECKPOINT","G2M CHECKPOINT","no_R49",-2.10504643697383,1.57230494622859e-08,TRUE
"HALLMARK_ANDROGEN_RESPONSE","ANDROGEN RESPONSE","no_R49",-1.48904485720098,0.0114411740669184,TRUE
"HALLMARK_HEME_METABOLISM","HEME METABOLISM","no_R49",-1.48504458139576,0.0028130598937957,TRUE
"HALLMARK_UV_RESPONSE_UP","UV RESPONSE UP","no_R49",-1.45983315929118,0.00962923028625488,TRUE
"HALLMARK_HYPOXIA","HYPOXIA","no_R49",-1.15550603534221,0.149450023912004,FALSE
"HALLMARK_PI3K_AKT_MTOR_SIGNALING","PI3K AKT MTOR SIGNALING","no_R49",-1.11566181096111,0.284683239775461,FALSE
"HALLMARK_MITOTIC_SPINDLE","MITOTIC SPINDLE","no_R49",-0.854778346686,0.886255924170616,FALSE
"HALLMARK_SPERMATOGENESIS","SPERMATOGENESIS","no_R49",-1.0593088936552,0.377928949357521,FALSE
"HALLMARK_P53_PATHWAY","P53 PATHWAY","no_R49",0.916326622129334,0.682848897134611,FALSE
"HALLMARK_NOTCH_SIGNALING","NOTCH SIGNALING","no_R49",1.04438701797594,0.418048645660586,FALSE
"HALLMARK_PANCREAS_BETA_CELLS","PANCREAS BETA CELLS","no_R49",1.04773904021088,0.418048645660586,FALSE
"HALLMARK_INTERFERON_ALPHA_RESPONSE","INTERFERON ALPHA RESPONSE","no_R49",1.10596890030455,0.330840046029919,FALSE
"HALLMARK_KRAS_SIGNALING_DN","KRAS SIGNALING DN","no_R49",1.30027233925471,0.075066176761092,FALSE
"HALLMARK_COMPLEMENT","COMPLEMENT","no_R49",1.23445082512877,0.110619469026549,FALSE
"HALLMARK_WNT_BETA_CATENIN_SIGNALING","WNT BETA CATENIN SIGNALING","no_R49",1.4064383820206,0.075066176761092,FALSE
"HALLMARK_ANGIOGENESIS","ANGIOGENESIS","no_R49",1.14929796651531,0.284683239775461,FALSE
"HALLMARK_APOPTOSIS","APOPTOSIS","no_R49",1.33468578135277,0.0527886995776904,FALSE
"HALLMARK_TGF_BETA_SIGNALING","TGF BETA SIGNALING","no_R49",1.03031822507523,0.418048645660586,FALSE
"HALLMARK_APICAL_SURFACE","APICAL SURFACE","no_R49",1.43402932217476,0.0742500742500743,FALSE
"HALLMARK_UV_RESPONSE_DN","UV RESPONSE DN","no_R49",1.65166262847398,0.000964628598383313,TRUE
"HALLMARK_HEDGEHOG_SIGNALING","HEDGEHOG SIGNALING","no_R49",1.62835594110336,0.0245834095619205,TRUE
"HALLMARK_TNFA_SIGNALING_VIA_NFKB","TNFA SIGNALING VIA NFKB","no_R49",1.72123142744676,4.55784253366661e-05,TRUE
"HALLMARK_KRAS_SIGNALING_UP","KRAS SIGNALING UP","no_R49",1.93819174616902,9.70052095797213e-07,TRUE
"HALLMARK_IL2_STAT5_SIGNALING","IL2 STAT5 SIGNALING","no_R49",1.89241149435899,1.14155946919485e-06,TRUE
"HALLMARK_IL6_JAK_STAT3_SIGNALING","IL6 JAK STAT3 SIGNALING","no_R49",2.05799966364622,6.65925400599371e-06,TRUE
"HALLMARK_INTERFERON_GAMMA_RESPONSE","INTERFERON GAMMA RESPONSE","no_R49",1.88112978636091,1.36731973124833e-06,TRUE
"HALLMARK_APICAL_JUNCTION","APICAL JUNCTION","no_R49",1.88608375022272,2.11713009309055e-06,TRUE
"HALLMARK_MYOGENESIS","MYOGENESIS","no_R49",1.91700949071624,1.65142261605089e-06,TRUE
"HALLMARK_EPITHELIAL_MESENCHYMAL_TRANSITION","EPITHELIAL MESENCHYMAL TRANSITION","no_R49",2.29204192260113,1.55108988467729e-12,TRUE
"HALLMARK_INFLAMMATORY_RESPONSE","INFLAMMATORY RESPONSE","no_R49",2.27761985032934,7.67176945640996e-12,TRUE
"HALLMARK_ALLOGRAFT_REJECTION","ALLOGRAFT REJECTION","no_R49",2.43145438069533,1.60451512895155e-14,TRUE
"HALLMARK_OXIDATIVE_PHOSPHORYLATION","OXIDATIVE PHOSPHORYLATION","no_R8",-3.569958843801,3.81971011959124e-44,TRUE
"HALLMARK_MYC_TARGETS_V1","MYC TARGETS V1","no_R8",-3.27970634669192,1.68426079338264e-33,TRUE
"HALLMARK_MTORC1_SIGNALING","MTORC1 SIGNALING","no_R8",-2.62883198194774,4.86701696159879e-17,TRUE
"HALLMARK_DNA_REPAIR","DNA REPAIR","no_R8",-2.7692172825518,7.65261910000394e-17,TRUE
"HALLMARK_UNFOLDED_PROTEIN_RESPONSE","UNFOLDED PROTEIN RESPONSE","no_R8",-2.08811627320375,4.60670953813141e-07,TRUE
"HALLMARK_FATTY_ACID_METABOLISM","FATTY ACID METABOLISM","no_R8",-2.43940299652543,6.15598362310106e-12,TRUE
"HALLMARK_XENOBIOTIC_METABOLISM","XENOBIOTIC METABOLISM","no_R8",-2.36186985972661,3.89121629143014e-12,TRUE
"HALLMARK_GLYCOLYSIS","GLYCOLYSIS","no_R8",-2.3577242624051,1.91422957458893e-12,TRUE
"HALLMARK_E2F_TARGETS","E2F TARGETS","no_R8",-2.6088134250838,8.31475883329776e-17,TRUE
"HALLMARK_MYC_TARGETS_V2","MYC TARGETS V2","no_R8",-2.10367587403552,2.45125522771007e-05,TRUE
"HALLMARK_BILE_ACID_METABOLISM","BILE ACID METABOLISM","no_R8",-2.26932264125842,2.5939420669502e-08,TRUE
"HALLMARK_PEROXISOME","PEROXISOME","no_R8",-2.19703678072698,1.21671536478374e-07,TRUE
"HALLMARK_PROTEIN_SECRETION","PROTEIN SECRETION","no_R8",-2.15593730192146,6.23686039728435e-07,TRUE
"HALLMARK_ADIPOGENESIS","ADIPOGENESIS","no_R8",-1.93688613059056,3.75059211940755e-07,TRUE
"HALLMARK_ESTROGEN_RESPONSE_EARLY","ESTROGEN RESPONSE EARLY","no_R8",-1.48523520299888,0.00308926954627253,TRUE
"HALLMARK_ESTROGEN_RESPONSE_LATE","ESTROGEN RESPONSE LATE","no_R8",-1.81066679611151,7.18048147263191e-06,TRUE
"HALLMARK_REACTIVE_OXYGEN_SPECIES_PATHWAY","REACTIVE OXYGEN SPECIES PATHWAY","no_R8",-1.53523014360658,0.030006591393902,TRUE
"HALLMARK_CHOLESTEROL_HOMEOSTASIS","CHOLESTEROL HOMEOSTASIS","no_R8",-1.64177510863073,0.0046396818249482,TRUE
"HALLMARK_COAGULATION","COAGULATION","no_R8",1.18480947624858,0.197081516269708,FALSE
"HALLMARK_G2M_CHECKPOINT","G2M CHECKPOINT","no_R8",-1.93496806639156,3.44769324830888e-07,TRUE
"HALLMARK_ANDROGEN_RESPONSE","ANDROGEN RESPONSE","no_R8",-1.3320684941262,0.0619153102311207,FALSE
"HALLMARK_HEME_METABOLISM","HEME METABOLISM","no_R8",-1.22771112601405,0.077017726493577,FALSE
"HALLMARK_UV_RESPONSE_UP","UV RESPONSE UP","no_R8",0.907938878988181,0.688288022064618,FALSE
"HALLMARK_HYPOXIA","HYPOXIA","no_R8",1.12912681832589,0.230825598436737,FALSE
"HALLMARK_PI3K_AKT_MTOR_SIGNALING","PI3K AKT MTOR SIGNALING","no_R8",-1.09996212239532,0.284686844471082,FALSE
"HALLMARK_MITOTIC_SPINDLE","MITOTIC SPINDLE","no_R8",0.733728279324989,0.962837837837838,FALSE
"HALLMARK_SPERMATOGENESIS","SPERMATOGENESIS","no_R8",-1.2574490107193,0.0781227667815122,FALSE
"HALLMARK_P53_PATHWAY","P53 PATHWAY","no_R8",0.850168160433525,0.823910645339217,FALSE
"HALLMARK_NOTCH_SIGNALING","NOTCH SIGNALING","no_R8",1.20334511617853,0.21655838747293,FALSE
"HALLMARK_PANCREAS_BETA_CELLS","PANCREAS BETA CELLS","no_R8",1.34699541982846,0.106543223483596,FALSE
"HALLMARK_INTERFERON_ALPHA_RESPONSE","INTERFERON ALPHA RESPONSE","no_R8",1.67143031258326,0.00306384600017201,TRUE
"HALLMARK_KRAS_SIGNALING_DN","KRAS SIGNALING DN","no_R8",1.60315240429275,0.00174968482545984,TRUE
"HALLMARK_COMPLEMENT","COMPLEMENT","no_R8",1.56362787185272,0.00148675202578482,TRUE
"HALLMARK_WNT_BETA_CATENIN_SIGNALING","WNT BETA CATENIN SIGNALING","no_R8",1.73319539956139,0.00426180201961026,TRUE
"HALLMARK_ANGIOGENESIS","ANGIOGENESIS","no_R8",1.9854529421982,0.000341692376536278,TRUE
"HALLMARK_APOPTOSIS","APOPTOSIS","no_R8",1.53268404981047,0.0046396818249482,TRUE
"HALLMARK_TGF_BETA_SIGNALING","TGF BETA SIGNALING","no_R8",1.81369415495232,0.00160504731090514,TRUE
"HALLMARK_APICAL_SURFACE","APICAL SURFACE","no_R8",1.65956286847243,0.00867574988157353,TRUE
"HALLMARK_UV_RESPONSE_DN","UV RESPONSE DN","no_R8",1.96690440234291,8.18189095335037e-07,TRUE
"HALLMARK_HEDGEHOG_SIGNALING","HEDGEHOG SIGNALING","no_R8",1.89643865760424,0.000997492999886596,TRUE
"HALLMARK_TNFA_SIGNALING_VIA_NFKB","TNFA SIGNALING VIA NFKB","no_R8",2.15981339341263,1.92126608779065e-10,TRUE
"HALLMARK_KRAS_SIGNALING_UP","KRAS SIGNALING UP","no_R8",1.95180798317759,1.36506515125783e-07,TRUE
"HALLMARK_IL2_STAT5_SIGNALING","IL2 STAT5 SIGNALING","no_R8",2.01481530787295,3.57167727156932e-08,TRUE
"HALLMARK_IL6_JAK_STAT3_SIGNALING","IL6 JAK STAT3 SIGNALING","no_R8",2.11621553516345,2.16398907981437e-06,TRUE
"HALLMARK_INTERFERON_GAMMA_RESPONSE","INTERFERON GAMMA RESPONSE","no_R8",2.21500953890005,1.83583545291592e-11,TRUE
"HALLMARK_APICAL_JUNCTION","APICAL JUNCTION","no_R8",2.07682918203526,6.47135806674047e-09,TRUE
"HALLMARK_MYOGENESIS","MYOGENESIS","no_R8",2.16324145411101,1.92126608779065e-10,TRUE
"HALLMARK_EPITHELIAL_MESENCHYMAL_TRANSITION","EPITHELIAL MESENCHYMAL TRANSITION","no_R8",2.70562202996234,1.08721801815187e-24,TRUE
"HALLMARK_INFLAMMATORY_RESPONSE","INFLAMMATORY RESPONSE","no_R8",2.51874100370716,5.28926403036004e-18,TRUE
"HALLMARK_ALLOGRAFT_REJECTION","ALLOGRAFT REJECTION","no_R8",2.48336049242686,4.86701696159879e-17,TRUE
