"pathway","primary_NES","primary_padj","primary_FDR_below_0.05","LOO_models_same_direction","LOO_models_FDR_below_0.05","LOO_models_missing_NES","LOO_models_missing_FDR","no_R18_NES","no_R18_padj","no_R23_NES","no_R23_padj","no_R33_NES","no_R33_padj","no_R36_NES","no_R36_padj","no_R49_NES","no_R49_padj","no_R8_NES","no_R8_padj"
"HALLMARK_OXIDATIVE_PHOSPHORYLATION",-3.4487990652832,4.71692600928115e-38,TRUE,6,6,0,0,-2.87928096085119,5.42757883209051e-22,-3.12185463953797,1.15295989529605e-28,-3.3989051876268,5.27980836638702e-37,-3.45065766910888,1.42094151430219e-38,-3.46178179475623,3.39955695320231e-38,-3.569958843801,3.81971011959124e-44
"HALLMARK_MYC_TARGETS_V1",-3.19634523686484,7.88573085029719e-30,TRUE,6,6,0,0,-3.21248492714681,3.77450943744236e-30,-2.70508977824701,2.03968602207918e-18,-3.17110077968045,1.28611360116202e-29,-3.24447462661094,1.45258368417222e-31,-3.23261819037763,9.18765681822276e-31,-3.27970634669192,1.68426079338264e-33
"HALLMARK_MTORC1_SIGNALING",-2.56283855246077,8.36395483432734e-15,TRUE,6,6,0,0,-2.10220148574304,1.07746555074023e-08,-2.20619151066624,3.39559950479685e-10,-2.60963311464434,2.22595834002127e-16,-2.87262039015041,1.31552844396749e-21,-2.57777955255345,5.36237272672759e-15,-2.62883198194774,4.86701696159879e-17
"HALLMARK_ALLOGRAFT_REJECTION",2.36574012311448,1.17345744001801e-13,TRUE,6,6,0,0,2.83391444496507,5.56101602556403e-27,2.3609735416055,2.88967211246546e-13,2.14019445902683,4.04228042177519e-10,1.98970294624196,2.8223422564252e-07,2.43145438069533,1.60451512895155e-14,2.48336049242686,4.86701696159879e-17
"HALLMARK_EPITHELIAL_MESENCHYMAL_TRANSITION",2.31054590871232,2.65351330082832e-13,TRUE,6,6,0,0,2.45367123354565,2.53652728419041e-16,1.97034247403676,2.51412519402671e-07,2.3574801340457,1.16153326990049e-14,1.56275586872358,0.00208265710771745,2.29204192260113,1.55108988467729e-12,2.70562202996234,1.08721801815187e-24
"HALLMARK_INFLAMMATORY_RESPONSE",2.31504871050526,7.4625888925454e-13,TRUE,6,6,0,0,2.63966739719364,6.95001276586025e-21,2.20731208155863,1.95561952922958e-10,2.16818500170102,1.03564950651178e-10,1.88906564425406,1.67413450392489e-06,2.27761985032934,7.67176945640996e-12,2.51874100370716,5.28926403036004e-18
"HALLMARK_GLYCOLYSIS",-2.38241277247177,3.80523425191662e-12,TRUE,6,6,0,0,-1.78398672616672,1.91830056738895e-05,-2.26997904465194,3.71932832852358e-10,-2.23505243524183,9.42795153025847e-11,-2.658834178151,1.66596037403627e-17,-2.53434001052131,1.72855773851644e-14,-2.3577242624051,1.91422957458893e-12
"HALLMARK_DNA_REPAIR",-2.47442877190881,5.11576697824582e-12,TRUE,6,6,0,0,-2.17626697938097,1.07746555074023e-08,-2.26826600575267,6.83319244154689e-09,-2.55674826301894,1.64638628438048e-13,-2.37171101022021,2.77810416337258e-10,-2.48959186422763,3.75953619160545e-12,-2.7692172825518,7.65261910000394e-17
"HALLMARK_XENOBIOTIC_METABOLISM",-2.39679513209171,9.79532462630146e-12,TRUE,6,6,0,0,-1.86890638646604,3.02271574670673e-06,-2.66879567458767,2.21204986941081e-16,-2.3902994477354,1.09732877288874e-12,-2.39630029887824,1.76029661507103e-12,-2.4772740694163,2.44869298102019e-13,-2.36186985972661,3.89121629143014e-12
"HALLMARK_FATTY_ACID_METABOLISM",-2.43221603861435,1.84134519588281e-11,TRUE,6,6,0,0,-1.67108399400485,0.000229093017916801,-2.38320753281702,1.95561952922958e-10,-2.40231335498659,1.23129436943052e-11,-2.52677530627634,5.38348312512865e-13,-2.48577997509432,2.96619072369607e-12,-2.43940299652543,6.15598362310106e-12
"HALLMARK_E2F_TARGETS",-2.23614631217877,2.75086399544078e-10,TRUE,6,5,0,0,-2.07495869898367,2.07359121650392e-08,-1.01919511380323,0.463591135232926,-2.25514665355086,6.1082581622006e-11,-1.99426869529325,3.0437339731221e-07,-2.50816078943414,6.93670410079287e-14,-2.6088134250838,8.31475883329776e-17
"HALLMARK_UNFOLDED_PROTEIN_RESPONSE",-2.46775705028749,2.94950000814403e-10,TRUE,6,6,0,0,-2.36659776442951,1.88310881810546e-09,-2.08130833567818,1.93159644702321e-06,-2.48080363947424,7.40073445706265e-11,-2.53144504616157,5.6837992981157e-11,-2.5266731790983,1.04188816644006e-11,-2.08811627320375,4.60670953813141e-07
"HALLMARK_MYOGENESIS",2.09146282653702,7.40949025092713e-09,TRUE,6,6,0,0,2.13689109422782,2.10941511316536e-09,1.99295143623124,2.75664173398547e-07,2.04335780160201,1.85401105770593e-08,1.95862660373103,3.15720406984757e-07,1.91700949071624,1.65142261605089e-06,2.16324145411101,1.92126608779065e-10
"HALLMARK_APICAL_JUNCTION",2.07229574384127,1.28861335199524e-08,TRUE,6,6,0,0,1.88320017445171,2.38844551263669e-06,2.01238706014952,8.68110346442624e-08,2.18696606019381,5.64025361914605e-11,1.79961384604041,3.14966641062173e-05,1.88608375022272,2.11713009309055e-06,2.07682918203526,6.47135806674047e-09
"HALLMARK_INTERFERON_GAMMA_RESPONSE",2.05607016551534,2.05221368125399e-08,TRUE,6,6,0,0,2.29456317327644,8.30514021282351e-13,2.01932278618803,4.07708726479911e-08,1.78097021050417,1.14541644425768e-05,1.45065870014866,0.00834783890782517,1.88112978636091,1.36731973124833e-06,2.21500953890005,1.83583545291592e-11
"HALLMARK_IL2_STAT5_SIGNALING",1.90977643979327,1.68393421044574e-06,TRUE,6,6,0,0,2.1420022052495,6.79202391341329e-10,1.87028388338102,1.79038982267386e-06,1.8765173693812,1.14453332643274e-06,1.70345252519657,0.00015967221905066,1.89241149435899,1.14155946919485e-06,2.01481530787295,3.57167727156932e-08
"HALLMARK_BILE_ACID_METABOLISM",-2.08255028572959,2.32375103096135e-06,TRUE,6,6,0,0,-1.50735070931989,0.0100752314811221,-2.28017960988343,3.41359662200332e-08,-1.91001669103666,3.1335059170821e-05,-2.13788369782679,4.91009574061489e-07,-2.20313394428246,3.42232885072611e-07,-2.26932264125842,2.5939420669502e-08
"HALLMARK_PEROXISOME",-2.05436819174944,3.4252998348362e-06,TRUE,6,6,0,0,-1.49883678584895,0.0105924611855375,-1.8374626788474,0.000173769684893791,-1.97424960235471,1.42551790916201e-05,-1.84760809044035,9.13719170095627e-05,-2.07683021210671,3.23110674586659e-06,-2.19703678072698,1.21671536478374e-07
"HALLMARK_ESTROGEN_RESPONSE_EARLY",-1.86589923690017,3.63023856232878e-06,TRUE,6,6,0,0,-2.20886969649342,1.80488489038294e-10,-1.96566688406517,7.45102429152679e-07,-1.71179714510237,1.44202463648625e-05,-1.6806594056264,8.94935231372564e-05,-2.22489464174253,2.42140855804015e-10,-1.48523520299888,0.00308926954627253
"HALLMARK_ADIPOGENESIS",-1.86721817364101,3.82402647881633e-06,TRUE,6,5,0,0,-1.20828457945698,0.0673776190521529,-1.71640826332717,5.78074922762002e-05,-1.78464398585127,5.09244899611432e-06,-1.90405474992411,9.44813239807555e-07,-2.00984384489546,5.55718041150058e-08,-1.93688613059056,3.75059211940755e-07
"HALLMARK_PROTEIN_SECRETION",-2.04328144039216,5.42981386477367e-06,TRUE,6,6,0,0,-1.71583008763953,0.000890792800436685,-1.67217912770387,0.00173838687011503,-1.66404100109591,0.00117489169196256,-1.99779326789685,1.12768249235709e-05,-2.15580946614231,6.96409769119044e-07,-2.15593730192146,6.23686039728435e-07
"HALLMARK_KRAS_SIGNALING_UP",1.84777291570838,5.74673054085932e-06,TRUE,6,6,0,0,2.18479533896393,1.926696486216e-10,1.55774684628864,0.00313394470481419,1.84896592418341,7.15665287629525e-06,1.54356407280861,0.00401830679444047,1.93819174616902,9.70052095797213e-07,1.95180798317759,1.36506515125783e-07
"HALLMARK_ESTROGEN_RESPONSE_LATE",-1.83303472466134,7.47735532304866e-06,TRUE,6,6,0,0,-1.98266905701309,1.19880425094967e-07,-1.92917939063552,4.78331191374518e-07,-1.85705660901703,1.06960397811646e-06,-1.61756992034402,0.000247779992557947,-2.31141723831624,1.04188816644006e-11,-1.81066679611151,7.18048147263191e-06
"HALLMARK_IL6_JAK_STAT3_SIGNALING",1.99491887786327,1.8680322803712e-05,TRUE,6,6,0,0,2.41602446304976,3.61308452633125e-10,1.85391052038558,0.000217898531374093,1.64168579330857,0.00409193810293151,1.55038494240695,0.0151260475478973,2.05799966364622,6.65925400599371e-06,2.11621553516345,2.16398907981437e-06
"HALLMARK_TNFA_SIGNALING_VIA_NFKB",1.78538029820798,2.92032099123698e-05,TRUE,6,5,0,0,2.3255443750661,2.69574745794914e-13,1.62315977209783,0.000638366269879108,1.59364624273508,0.000756215158781906,1.02652230724568,0.458392101551481,1.72123142744676,4.55784253366661e-05,2.15981339341263,1.92126608779065e-10
"HALLMARK_MYC_TARGETS_V2",-2.13675618268505,2.98501878757311e-05,TRUE,6,6,0,0,-1.96590193775333,0.000279614631738751,-1.61865948009261,0.0124002057654858,-2.36032356404812,1.51856763767799e-07,-2.24964514262433,5.33340677831166e-06,-2.18953328913711,4.46553723847686e-06,-2.10367587403552,2.45125522771007e-05
"HALLMARK_UV_RESPONSE_DN",1.68086606923124,0.00069509215834517,TRUE,6,6,0,0,1.65370610005307,0.00165179840903353,1.5223809118237,0.0073299398723102,1.89046585058765,7.14715147826139e-06,1.44458562208011,0.0243458398001833,1.65166262847398,0.000964628598383313,1.96690440234291,8.18189095335037e-07
"HALLMARK_G2M_CHECKPOINT",-1.54190255010479,0.0010928126128148,TRUE,6,5,0,0,-1.41946406785742,0.00489416145013765,-0.437490463592279,1,-1.46924793847696,0.00243165281915794,-1.31998175973285,0.0239135943992765,-2.10504643697383,1.57230494622859e-08,-1.93496806639156,3.44769324830888e-07
"HALLMARK_COAGULATION",-1.57121191030401,0.00308452150061236,TRUE,4,4,0,0,1.25936031956865,0.133631777636722,-2.05018234630282,1.01964473270826e-06,-1.54803103056133,0.00208018030058562,-1.59562139762278,0.00148530790401474,-1.88695225639273,2.04437781767919e-05,1.18480947624858,0.197081516269708
"HALLMARK_CHOLESTEROL_HOMEOSTASIS",-1.60832622421587,0.00459528885768604,TRUE,6,5,0,0,-1.03044564959919,0.421554252199414,-1.65572406887842,0.00631587985689657,-1.57191384041982,0.00611849491379393,-1.68047001757655,0.00399125321790792,-1.79109620545602,0.00123954542042985,-1.64177510863073,0.0046396818249482
"HALLMARK_REACTIVE_OXYGEN_SPECIES_PATHWAY",-1.65649954238255,0.00582104440389665,TRUE,6,4,0,0,-0.996371693000839,0.474576271186441,-1.44141554792541,0.0532789774747705,-1.84633265550878,0.00147968526584645,-1.85479209526308,0.00212559633237483,-1.76846445728619,0.00552112343426929,-1.53523014360658,0.030006591393902
"HALLMARK_HEDGEHOG_SIGNALING",1.72948212508607,0.00819860007469428,TRUE,6,5,0,0,1.66725997018308,0.0150072735736231,1.42704996405343,0.0831146106736658,1.93344292853116,0.000675053986538827,1.61369319674168,0.0272194880702795,1.62835594110336,0.0245834095619205,1.89643865760424,0.000997492999886596
"HALLMARK_APICAL_SURFACE",1.65236547723514,0.0108736415282941,TRUE,6,5,0,0,1.71714503977638,0.00408978059796871,1.65749601148658,0.0121700579627262,1.65554590466209,0.00538595264671143,1.50704400300786,0.0272607993939256,1.43402932217476,0.0742500742500743,1.65956286847243,0.00867574988157353
"HALLMARK_APOPTOSIS",1.44316520465933,0.0126305429802985,TRUE,6,4,0,0,1.62096072761385,0.001675656297882,1.43307876107303,0.0217346971784797,1.41084029231859,0.0268076481747787,1.22839593499849,0.141268683922712,1.33468578135277,0.0527886995776904,1.53268404981047,0.0046396818249482
"HALLMARK_TGF_BETA_SIGNALING",1.52850763651639,0.0244476699160612,TRUE,6,1,0,0,1.44377075634055,0.0540810383559364,1.4334450017717,0.0627705627705628,1.43951422715728,0.0550822561692127,1.02519512727147,0.458392101551481,1.03031822507523,0.418048645660586,1.81369415495232,0.00160504731090514
"HALLMARK_HEME_METABOLISM",-1.27592167166263,0.0334674311931766,TRUE,5,3,0,0,0.873677193585489,0.791380625476735,-1.42255325033308,0.0073299398723102,-1.10364150642193,0.168522667701122,-1.45233028322129,0.0042990338422339,-1.48504458139576,0.0028130598937957,-1.22771112601405,0.077017726493577
"HALLMARK_COMPLEMENT",1.30729287902953,0.0522184948414457,FALSE,5,2,0,0,1.85771770397011,2.34069277723049e-06,1.09721024924775,0.304400241109102,1.24367202901035,0.104801829268293,-1.06828257150621,0.345954257159331,1.23445082512877,0.110619469026549,1.56362787185272,0.00148675202578482
"HALLMARK_ANDROGEN_RESPONSE",-1.28307513583931,0.0554912985841879,FALSE,6,2,0,0,-0.924383002510396,0.688360450563204,-1.14465716560028,0.238873522755846,-1.06074058699192,0.403409090909091,-1.37269012281668,0.0375296384995861,-1.48904485720098,0.0114411740669184,-1.3320684941262,0.0619153102311207
"HALLMARK_ANGIOGENESIS",1.4375325367261,0.0683502410245341,FALSE,6,2,0,0,1.53939000218176,0.0515627478978264,1.40939049617428,0.0893807193019791,1.54702985322186,0.0361055134512878,1.26695268588174,0.199487554904832,1.14929796651531,0.284683239775461,1.9854529421982,0.000341692376536278
"HALLMARK_UV_RESPONSE_UP",-1.23643574484273,0.0683502410245341,FALSE,4,2,0,0,0.977984676334983,0.551223794278633,-0.97516266459866,0.557861961598339,-1.23930319066496,0.0554053313481856,-1.43392543952089,0.00868398677488325,-1.45983315929118,0.00962923028625488,0.907938878988181,0.688288022064618
"HALLMARK_WNT_BETA_CATENIN_SIGNALING",1.40563966068904,0.0683502410245341,FALSE,6,1,0,0,1.18420700338964,0.269679300291545,1.28670928312804,0.159657320872274,1.4723246717589,0.0550822561692127,1.3386151530134,0.12031166450233,1.4064383820206,0.075066176761092,1.73319539956139,0.00426180201961026
"HALLMARK_KRAS_SIGNALING_DN",1.26335028017478,0.0985839756228715,FALSE,6,1,0,0,1.19056439403207,0.202061986889836,1.24139999398073,0.117130931084419,1.33789923468526,0.0558726707136601,1.27397314173875,0.0999180999180999,1.30027233925471,0.075066176761092,1.60315240429275,0.00174968482545984
"HALLMARK_INTERFERON_ALPHA_RESPONSE",1.2604862506827,0.129026240517349,FALSE,6,1,0,0,1.38328369094889,0.0515627478978264,1.36295443721894,0.0579950289975145,0.980717824372883,0.546258200822862,0.886582626134262,0.70844169917642,1.10596890030455,0.330840046029919,1.67143031258326,0.00306384600017201
"HALLMARK_PANCREAS_BETA_CELLS",1.16970189055125,0.293255131964809,FALSE,6,0,0,0,1.19544095326519,0.284101890147269,1.36121789723023,0.117130931084419,1.3857605562767,0.0960061443932412,1.15599598774514,0.329120589784097,1.04773904021088,0.418048645660586,1.34699541982846,0.106543223483596
"HALLMARK_NOTCH_SIGNALING",1.10697083151779,0.340447154471545,FALSE,6,0,0,0,1.06180963870998,0.421554252199414,0.946049242268319,0.562433439829606,1.34452115640883,0.117816698318914,1.2380750691123,0.214779759737896,1.04438701797594,0.418048645660586,1.20334511617853,0.21655838747293
"HALLMARK_HYPOXIA",-0.97701317515445,0.590895827254158,FALSE,4,2,0,0,1.2585090875655,0.105266465560583,-1.38245836569126,0.0187944745701767,-0.995734730333628,0.491452991452991,-1.77263590503425,2.37215492040156e-05,-1.15550603534221,0.149450023912004,1.12912681832589,0.230825598436737
"HALLMARK_PI3K_AKT_MTOR_SIGNALING",-0.916380017573739,0.710728836577637,FALSE,5,0,0,0,0.767865484360865,0.904718575328221,-0.810063705245284,0.893298495868936,-0.952457835104099,0.604816934874177,-1.05566004221189,0.40169133192389,-1.11566181096111,0.284683239775461,-1.09996212239532,0.284686844471082
"HALLMARK_P53_PATHWAY",0.894134578373688,0.737645348837209,FALSE,5,0,0,0,1.13662912436159,0.257858901926699,1.00943152055534,0.494291283764968,0.80041394459672,0.893333333333333,-0.92021847318179,0.74771287825475,0.916326622129334,0.682848897134611,0.850168160433525,0.823910645339217
"HALLMARK_SPERMATOGENESIS",0.861370087912383,0.757164567954842,FALSE,4,0,0,0,1.13713667326822,0.295703867132439,0.960028030222881,0.557861961598339,0.829371472948936,0.808308114120173,0.911790562868675,0.660636935734329,-1.0593088936552,0.377928949357521,-1.2574490107193,0.0781227667815122
"HALLMARK_MITOTIC_SPINDLE",0.741714863984884,0.958090803259604,FALSE,5,0,0,0,0.690634104919214,0.989807474518686,1.06494105099929,0.371628487646256,0.91881212008615,0.682831661092531,0.698146561384712,0.98410896708286,-0.854778346686,0.886255924170616,0.733728279324989,0.962837837837838
