"pathway","model","NES","padj","same_direction"
"HALLMARK_ADIPOGENESIS","no_R18",-1.20828457945698,0.0673776190521529,TRUE
"HALLMARK_REACTIVE_OXYGEN_SPECIES_PATHWAY","no_R18",-0.996371693000839,0.474576271186441,TRUE
"HALLMARK_CHOLESTEROL_HOMEOSTASIS","no_R18",-1.03044564959919,0.421554252199414,TRUE
"HALLMARK_COAGULATION","no_R18",1.25936031956865,0.133631777636722,FALSE
"HALLMARK_HEME_METABOLISM","no_R18",0.873677193585489,0.791380625476735,FALSE
"HALLMARK_TGF_BETA_SIGNALING","no_R18",1.44377075634055,0.0540810383559364,TRUE
"HALLMARK_E2F_TARGETS","no_R23",-1.01919511380323,0.463591135232926,TRUE
"HALLMARK_REACTIVE_OXYGEN_SPECIES_PATHWAY","no_R23",-1.44141554792541,0.0532789774747705,TRUE
"HALLMARK_G2M_CHECKPOINT","no_R23",-0.437490463592279,1,TRUE
"HALLMARK_TGF_BETA_SIGNALING","no_R23",1.4334450017717,0.0627705627705628,TRUE
"HALLMARK_HEDGEHOG_SIGNALING","no_R23",1.42704996405343,0.0831146106736658,TRUE
"HALLMARK_HEME_METABOLISM","no_R33",-1.10364150642193,0.168522667701122,TRUE
"HALLMARK_TGF_BETA_SIGNALING","no_R33",1.43951422715728,0.0550822561692127,TRUE
"HALLMARK_APOPTOSIS","no_R36",1.22839593499849,0.141268683922712,TRUE
"HALLMARK_TGF_BETA_SIGNALING","no_R36",1.02519512727147,0.458392101551481,TRUE
"HALLMARK_TNFA_SIGNALING_VIA_NFKB","no_R36",1.02652230724568,0.458392101551481,TRUE
"HALLMARK_APOPTOSIS","no_R49",1.33468578135277,0.0527886995776904,TRUE
"HALLMARK_TGF_BETA_SIGNALING","no_R49",1.03031822507523,0.418048645660586,TRUE
"HALLMARK_APICAL_SURFACE","no_R49",1.43402932217476,0.0742500742500743,TRUE
"HALLMARK_COAGULATION","no_R8",1.18480947624858,0.197081516269708,FALSE
"HALLMARK_HEME_METABOLISM","no_R8",-1.22771112601405,0.077017726493577,TRUE
