"pathway","pval","padj","log2err","ES","NES","size","leadingEdge"
"HALLMARK_OXIDATIVE_PHOSPHORYLATION",2.3059197905921e-30,1.15295989529605e-28,1.43181244608859,-0.632962206894762,-3.12185463953797,200,"ENSG00000166347;ENSG00000110717;ENSG00000146701;ENSG00000167969;ENSG00000176340;ENSG00000004779;ENSG00000127948;ENSG00000241837;ENSG00000128524;ENSG00000124588;ENSG00000143153;ENSG00000165629;ENSG00000090266;ENSG00000128654;ENSG00000115944;ENSG00000100554;ENSG00000140740;ENSG00000099800;ENSG00000143252;ENSG00000112695;ENSG00000107537;ENSG00000267855;ENSG00000119689;ENSG00000117054;ENSG00000131143;ENSG00000154723;ENSG00000110435;ENSG00000181991;ENSG00000091483;ENSG00000072778;ENSG00000119711;ENSG00000110090;ENSG00000138413;ENSG00000124172;ENSG00000136521;ENSG00000113732;ENSG00000165637;ENSG00000130312;ENSG00000113013;ENSG00000167792;ENSG00000104823;ENSG00000196177;ENSG00000156709;ENSG00000125356;ENSG00000215021;ENSG00000134375;ENSG00000167468;ENSG00000075239;ENSG00000178127;ENSG00000125166;ENSG00000006695;ENSG00000014641;ENSG00000127884;ENSG00000099795;ENSG00000099624;ENSG00000154518;ENSG00000073578;ENSG00000134809;ENSG00000111775;ENSG00000164405;ENSG00000178741;ENSG00000172115;ENSG00000127540;ENSG00000213619;ENSG00000156467;ENSG00000109519;ENSG00000148290;ENSG00000116898;ENSG00000248098;ENSG00000173660;ENSG00000119013;ENSG00000126267;ENSG00000117118;ENSG00000104325;ENSG00000131174;ENSG00000138029;ENSG00000179091;ENSG00000158864;ENSG00000112992;ENSG00000182054;ENSG00000148672;ENSG00000135940;ENSG00000174547;ENSG00000169021;ENSG00000163541;ENSG00000165264;ENSG00000164258;ENSG00000127184;ENSG00000185883;ENSG00000135390;ENSG00000128626;ENSG00000023228;ENSG00000060762;ENSG00000110955;ENSG00000170906;ENSG00000005022;ENSG00000084754;ENSG00000150768;ENSG00000100216;ENSG00000117410;ENSG00000132313;ENSG00000140374;ENSG00000131495;ENSG00000138495;ENSG00000072506;ENSG00000165672;ENSG00000139180;ENSG00000065518;ENSG00000241468;ENSG00000145494;ENSG00000167863;ENSG00000150779;ENSG00000189043;ENSG00000154174;ENSG00000131100;ENSG00000010256;ENSG00000115286;ENSG00000100575;ENSG00000014919;ENSG00000128609;ENSG00000184076;ENSG00000109390;ENSG00000116459;ENSG00000168291;ENSG00000004961;ENSG00000105220;ENSG00000167315;ENSG00000169020;ENSG00000100412;ENSG00000167283;ENSG00000184983;ENSG00000131269;ENSG00000159199;ENSG00000171503;ENSG00000078668;ENSG00000213585;ENSG00000136888;ENSG00000165688;ENSG00000119421"
"HALLMARK_MYC_TARGETS_V1",8.15874408831672e-20,2.03968602207918e-18,1.15122052214226,-0.548462306413184,-2.70508977824701,200,"ENSG00000165704;ENSG00000100902;ENSG00000100519;ENSG00000181163;ENSG00000115233;ENSG00000188846;ENSG00000004779;ENSG00000166226;ENSG00000048162;ENSG00000108561;ENSG00000096063;ENSG00000144381;ENSG00000101182;ENSG00000065427;ENSG00000196591;ENSG00000106588;ENSG00000143727;ENSG00000108953;ENSG00000141759;ENSG00000110958;ENSG00000215021;ENSG00000184575;ENSG00000125977;ENSG00000125166;ENSG00000204628;ENSG00000127022;ENSG00000125743;ENSG00000041357;ENSG00000126261;ENSG00000121022;ENSG00000124767;ENSG00000163468;ENSG00000115758;ENSG00000167088;ENSG00000178741;ENSG00000145912;ENSG00000119318;ENSG00000103035;ENSG00000013275;ENSG00000132341;ENSG00000143321;ENSG00000100632;ENSG00000063177;ENSG00000111906;ENSG00000143436;ENSG00000179091;ENSG00000171490;ENSG00000167085;ENSG00000101911;ENSG00000135446;ENSG00000135486;ENSG00000140988;ENSG00000099341;ENSG00000006652;ENSG00000143977;ENSG00000142864;ENSG00000130332;ENSG00000125870;ENSG00000106028;ENSG00000104131;ENSG00000119335;ENSG00000115541;ENSG00000165672;ENSG00000138385;ENSG00000123131;ENSG00000106628;ENSG00000092199;ENSG00000173473;ENSG00000120438;ENSG00000083845;ENSG00000122565;ENSG00000089157;ENSG00000178952;ENSG00000106305;ENSG00000154174;ENSG00000177879;ENSG00000150753;ENSG00000173692;ENSG00000161960;ENSG00000183207;ENSG00000126067;ENSG00000204568;ENSG00000196262;ENSG00000136628;ENSG00000103342;ENSG00000205937;ENSG00000100028;ENSG00000089009;ENSG00000102144;ENSG00000163918;ENSG00000164109;ENSG00000100823;ENSG00000149273;ENSG00000169564;ENSG00000108344;ENSG00000137154;ENSG00000078668;ENSG00000277791;ENSG00000213585;ENSG00000129084;ENSG00000160201;ENSG00000055130;ENSG00000099901;ENSG00000106682;ENSG00000073111;ENSG00000115484;ENSG00000109475;ENSG00000124795;ENSG00000153187;ENSG00000131876;ENSG00000239672"
"HALLMARK_XENOBIOTIC_METABOLISM",1.32722992164649e-17,2.21204986941081e-16,1.0864405425825,-0.546053641945951,-2.66879567458767,185,"ENSG00000132693;ENSG00000146678;ENSG00000108242;ENSG00000055957;ENSG00000101076;ENSG00000198650;ENSG00000088926;ENSG00000132855;ENSG00000138207;ENSG00000170099;ENSG00000086696;ENSG00000118520;ENSG00000130649;ENSG00000109072;ENSG00000084734;ENSG00000109758;ENSG00000165704;ENSG00000166347;ENSG00000088826;ENSG00000100024;ENSG00000112299;ENSG00000133313;ENSG00000055955;ENSG00000164406;ENSG00000158125;ENSG00000127948;ENSG00000248144;ENSG00000144485;ENSG00000134716;ENSG00000101444;ENSG00000135929;ENSG00000104267;ENSG00000065427;ENSG00000159228;ENSG00000087008;ENSG00000099977;ENSG00000143727;ENSG00000138413;ENSG00000109814;ENSG00000244005;ENSG00000100612;ENSG00000104823;ENSG00000131844;ENSG00000110958;ENSG00000126218;ENSG00000114850;ENSG00000163686;ENSG00000101856;ENSG00000169738;ENSG00000196365;ENSG00000139644;ENSG00000133027;ENSG00000175003;ENSG00000116704;ENSG00000012660;ENSG00000124713;ENSG00000131669;ENSG00000213722;ENSG00000182199;ENSG00000139508;ENSG00000117594;ENSG00000131373;ENSG00000128683;ENSG00000126522;ENSG00000055163;ENSG00000132437;ENSG00000173599;ENSG00000001084;ENSG00000137561;ENSG00000187097;ENSG00000149476;ENSG00000108846;ENSG00000115919;ENSG00000081181"
"HALLMARK_ALLOGRAFT_REJECTION",2.31173768997237e-14,2.88967211246546e-13,0.97599468306432,0.546569105887674,2.3609735416055,187,"ENSG00000232810;ENSG00000116824;ENSG00000077238;ENSG00000181374;ENSG00000196735;ENSG00000204252;ENSG00000113263;ENSG00000172349;ENSG00000166501;ENSG00000180644;ENSG00000198851;ENSG00000115085;ENSG00000121807;ENSG00000105369;ENSG00000115607;ENSG00000160654;ENSG00000100385;ENSG00000118971;ENSG00000160791;ENSG00000182866;ENSG00000100985;ENSG00000242574;ENSG00000134954;ENSG00000204257;ENSG00000101017;ENSG00000227507;ENSG00000140105;ENSG00000204287;ENSG00000145649;ENSG00000166313;ENSG00000102962;ENSG00000134539;ENSG00000153563;ENSG00000204592;ENSG00000104998;ENSG00000102245;ENSG00000113532;ENSG00000163737;ENSG00000109943;ENSG00000140030;ENSG00000138755;ENSG00000187210;ENSG00000275302;ENSG00000081237;ENSG00000019582;ENSG00000163519;ENSG00000066336;ENSG00000100453;ENSG00000167286;ENSG00000000938;ENSG00000173762;ENSG00000147168;ENSG00000054219;ENSG00000184371;ENSG00000048052;ENSG00000153283;ENSG00000125538;ENSG00000082074;ENSG00000104814;ENSG00000189430;ENSG00000204267;ENSG00000102034;ENSG00000026103;ENSG00000042493;ENSG00000241106;ENSG00000069399;ENSG00000271503;ENSG00000005844;ENSG00000172116;ENSG00000198821;ENSG00000090339;ENSG00000010610;ENSG00000100365;ENSG00000137078;ENSG00000007171;ENSG00000172724;ENSG00000171150;ENSG00000096996;ENSG00000060982;ENSG00000121989;ENSG00000163823;ENSG00000168811;ENSG00000134460;ENSG00000178562;ENSG00000104432;ENSG00000104365;ENSG00000180353;ENSG00000043462;ENSG00000160255;ENSG00000206503;ENSG00000087085;ENSG00000136244;ENSG00000185338;ENSG00000136634;ENSG00000138378"
"HALLMARK_FATTY_ACID_METABOLISM",2.3467434350755e-11,1.95561952922958e-10,0.863415391606693,-0.502697730831336,-2.38320753281702,149,"ENSG00000187048;ENSG00000162365;ENSG00000146701;ENSG00000119673;ENSG00000112299;ENSG00000119471;ENSG00000167969;ENSG00000248144;ENSG00000116791;ENSG00000143252;ENSG00000166228;ENSG00000119689;ENSG00000104267;ENSG00000102172;ENSG00000117054;ENSG00000159228;ENSG00000198130;ENSG00000091483;ENSG00000072778;ENSG00000110090;ENSG00000138413;ENSG00000083123;ENSG00000072210;ENSG00000109814;ENSG00000100577;ENSG00000104823;ENSG00000117592;ENSG00000014641;ENSG00000012660;ENSG00000127884;ENSG00000073578;ENSG00000115758;ENSG00000172340;ENSG00000157184;ENSG00000138796;ENSG00000139547;ENSG00000160124;ENSG00000104325;ENSG00000134240;ENSG00000065057;ENSG00000240972;ENSG00000138029;ENSG00000067064;ENSG00000149925;ENSG00000163541;ENSG00000137106;ENSG00000115255;ENSG00000117305;ENSG00000113790;ENSG00000120437;ENSG00000135821;ENSG00000169710;ENSG00000126088;ENSG00000104320;ENSG00000137274;ENSG00000072506;ENSG00000124370;ENSG00000156587;ENSG00000122971;ENSG00000150787;ENSG00000161533;ENSG00000115361;ENSG00000151790;ENSG00000168291;ENSG00000065833;ENSG00000072042;ENSG00000004961;ENSG00000092010;ENSG00000167315;ENSG00000103150;ENSG00000108515;ENSG00000100412;ENSG00000148090;ENSG00000143819;ENSG00000100823;ENSG00000171503;ENSG00000198189;ENSG00000147383;ENSG00000005187;ENSG00000167588;ENSG00000104951;ENSG00000101473;ENSG00000198856;ENSG00000136143;ENSG00000132196;ENSG00000105607;ENSG00000106605;ENSG00000111897;ENSG00000239900;ENSG00000204370;ENSG00000198721;ENSG00000131828;ENSG00000112972"
"HALLMARK_INFLAMMATORY_RESPONSE",1.97983601481734e-11,1.95561952922958e-10,0.863415391606693,0.510155456453968,2.20731208155863,188,"ENSG00000168685;ENSG00000047936;ENSG00000078081;ENSG00000007908;ENSG00000006210;ENSG00000177272;ENSG00000115604;ENSG00000198121;ENSG00000108342;ENSG00000077238;ENSG00000163421;ENSG00000110848;ENSG00000119535;ENSG00000115353;ENSG00000196639;ENSG00000162493;ENSG00000115607;ENSG00000019169;ENSG00000100385;ENSG00000196352;ENSG00000182866;ENSG00000188404;ENSG00000106178;ENSG00000101017;ENSG00000102962;ENSG00000117525;ENSG00000175040;ENSG00000126262;ENSG00000134470;ENSG00000105371;ENSG00000138755;ENSG00000160013;ENSG00000259207;ENSG00000157227;ENSG00000175591;ENSG00000174600;ENSG00000078401;ENSG00000173391;ENSG00000123610;ENSG00000064989;ENSG00000171522;ENSG00000181634;ENSG00000134070;ENSG00000258227;ENSG00000172575;ENSG00000117090;ENSG00000169851;ENSG00000184371;ENSG00000147257;ENSG00000130164;ENSG00000137393;ENSG00000170961;ENSG00000117091;ENSG00000125538;ENSG00000171051;ENSG00000110324;ENSG00000143333;ENSG00000271503;ENSG00000169403;ENSG00000146469;ENSG00000115594;ENSG00000125384;ENSG00000121858;ENSG00000176170;ENSG00000103313;ENSG00000038945;ENSG00000185245;ENSG00000090339;ENSG00000074660;ENSG00000163251;ENSG00000165168;ENSG00000132334;ENSG00000121989;ENSG00000145623;ENSG00000171860;ENSG00000125347;ENSG00000105246;ENSG00000142227;ENSG00000141506;ENSG00000123700;ENSG00000043462;ENSG00000159388;ENSG00000109320;ENSG00000100739;ENSG00000121797;ENSG00000136244;ENSG00000136997;ENSG00000136634;ENSG00000226979"
"HALLMARK_MTORC1_SIGNALING",4.75383930671559e-11,3.39559950479685e-10,0.851339057116899,-0.447309695249124,-2.20619151066624,200,"ENSG00000149809;ENSG00000165704;ENSG00000115461;ENSG00000148700;ENSG00000100519;ENSG00000103257;ENSG00000145545;ENSG00000135069;ENSG00000115233;ENSG00000183527;ENSG00000113328;ENSG00000134824;ENSG00000144381;ENSG00000100554;ENSG00000116750;ENSG00000001630;ENSG00000120053;ENSG00000100804;ENSG00000172893;ENSG00000109062;ENSG00000138413;ENSG00000175197;ENSG00000099194;ENSG00000116761;ENSG00000124802;ENSG00000113013;ENSG00000152952;ENSG00000122884;ENSG00000159167;ENSG00000111640;ENSG00000125977;ENSG00000213190;ENSG00000127022;ENSG00000012660;ENSG00000041357;ENSG00000197930;ENSG00000173486;ENSG00000121022;ENSG00000182199;ENSG00000111669;ENSG00000013275;ENSG00000161011;ENSG00000113356;ENSG00000067064;ENSG00000137700;ENSG00000149925;ENSG00000117394;ENSG00000161057;ENSG00000140263;ENSG00000141959;ENSG00000149485;ENSG00000001084;ENSG00000100219;ENSG00000124783;ENSG00000138768;ENSG00000083635;ENSG00000006652;ENSG00000117450;ENSG00000109929;ENSG00000146731;ENSG00000100567;ENSG00000256269;ENSG00000115541;ENSG00000163738;ENSG00000187735;ENSG00000101255;ENSG00000076248;ENSG00000197170;ENSG00000186480;ENSG00000180817;ENSG00000116161;ENSG00000065911;ENSG00000196262;ENSG00000120742;ENSG00000136628;ENSG00000162433;ENSG00000065833;ENSG00000072042;ENSG00000105220;ENSG00000120686;ENSG00000151012;ENSG00000102144;ENSG00000109084;ENSG00000134107;ENSG00000130204;ENSG00000129521;ENSG00000140612;ENSG00000183735;ENSG00000159199;ENSG00000010278;ENSG00000147155"
"HALLMARK_GLYCOLYSIS",5.95092532563773e-11,3.71932832852358e-10,0.839088935621274,-0.462064364340739,-2.26997904465194,194,"ENSG00000136872;ENSG00000140835;ENSG00000166347;ENSG00000146701;ENSG00000142168;ENSG00000165215;ENSG00000113739;ENSG00000113643;ENSG00000185950;ENSG00000115657;ENSG00000105976;ENSG00000163435;ENSG00000061656;ENSG00000143252;ENSG00000120053;ENSG00000143355;ENSG00000128039;ENSG00000138413;ENSG00000116761;ENSG00000143590;ENSG00000128242;ENSG00000179913;ENSG00000152952;ENSG00000172183;ENSG00000122884;ENSG00000159167;ENSG00000125166;ENSG00000143575;ENSG00000140939;ENSG00000014641;ENSG00000197930;ENSG00000117620;ENSG00000183048;ENSG00000119950;ENSG00000197713;ENSG00000130313;ENSG00000111669;ENSG00000004864;ENSG00000013275;ENSG00000027847;ENSG00000057294;ENSG00000188994;ENSG00000169764;ENSG00000115884;ENSG00000240972;ENSG00000137700;ENSG00000149925;ENSG00000173599;ENSG00000001084;ENSG00000117308;ENSG00000033011;ENSG00000214274;ENSG00000112715;ENSG00000160194;ENSG00000136810;ENSG00000162813;ENSG00000146674;ENSG00000146242;ENSG00000123989;ENSG00000125826;ENSG00000163516;ENSG00000163235;ENSG00000104522;ENSG00000149541;ENSG00000177156;ENSG00000164904;ENSG00000175264;ENSG00000167772;ENSG00000143847;ENSG00000196262;ENSG00000107902;ENSG00000138794;ENSG00000152413;ENSG00000162433;ENSG00000065833;ENSG00000157212;ENSG00000102144;ENSG00000044446;ENSG00000144591;ENSG00000129521;ENSG00000134755;ENSG00000114023;ENSG00000156958;ENSG00000147383;ENSG00000147853;ENSG00000173221;ENSG00000141526;ENSG00000140650;ENSG00000082212;ENSG00000108479;ENSG00000149260;ENSG00000158571;ENSG00000131724;ENSG00000164442"
"HALLMARK_DNA_REPAIR",1.22997463947844e-09,6.83319244154689e-09,0.788186810800237,-0.474093163607733,-2.26826600575267,150,"ENSG00000165704;ENSG00000143158;ENSG00000176428;ENSG00000183336;ENSG00000086598;ENSG00000186184;ENSG00000103202;ENSG00000175482;ENSG00000168061;ENSG00000272047;ENSG00000168002;ENSG00000103152;ENSG00000167468;ENSG00000105258;ENSG00000101146;ENSG00000129562;ENSG00000132912;ENSG00000101158;ENSG00000170540;ENSG00000125651;ENSG00000101654;ENSG00000213246;ENSG00000148290;ENSG00000106399;ENSG00000111358;ENSG00000130706;ENSG00000049541;ENSG00000111445;ENSG00000005075;ENSG00000103024;ENSG00000114956;ENSG00000163882;ENSG00000186141;ENSG00000140307;ENSG00000102978;ENSG00000138495;ENSG00000099817;ENSG00000114784;ENSG00000185608;ENSG00000070501;ENSG00000100938;ENSG00000171453;ENSG00000170502;ENSG00000074319;ENSG00000163918;ENSG00000122643;ENSG00000167005;ENSG00000185825;ENSG00000094914;ENSG00000196839;ENSG00000105928;ENSG00000147853;ENSG00000114491;ENSG00000125877;ENSG00000104221;ENSG00000167986;ENSG00000124193;ENSG00000158825;ENSG00000100142;ENSG00000006451;ENSG00000198931;ENSG00000239672;ENSG00000100387;ENSG00000147400;ENSG00000149136;ENSG00000152669;ENSG00000102226;ENSG00000168496;ENSG00000204356;ENSG00000105656;ENSG00000107223;ENSG00000125351;ENSG00000197780;ENSG00000139546;ENSG00000120656"
"HALLMARK_BILE_ACID_METABOLISM",6.82719324400664e-09,3.41359662200332e-08,0.761460801445585,-0.518004838892799,-2.28017960988343,100,"ENSG00000172482;ENSG00000131910;ENSG00000145321;ENSG00000118137;ENSG00000180432;ENSG00000170099;ENSG00000142168;ENSG00000144852;ENSG00000023909;ENSG00000115425;ENSG00000134824;ENSG00000135929;ENSG00000179761;ENSG00000140284;ENSG00000107537;ENSG00000102910;ENSG00000118514;ENSG00000112357;ENSG00000138413;ENSG00000121680;ENSG00000110628;ENSG00000116906;ENSG00000124713;ENSG00000083807;ENSG00000166821;ENSG00000116171;ENSG00000126432;ENSG00000242110;ENSG00000154265;ENSG00000131373;ENSG00000067064;ENSG00000182054;ENSG00000146233;ENSG00000123240;ENSG00000149485;ENSG00000107331;ENSG00000112874;ENSG00000176894;ENSG00000162928;ENSG00000117528;ENSG00000124587;ENSG00000148832;ENSG00000198691;ENSG00000197448"
"HALLMARK_INTERFERON_GAMMA_RESPONSE",8.96959198255805e-09,4.07708726479911e-08,0.747739663149885,0.463773585782549,2.01932278618803,196,"ENSG00000174944;ENSG00000174175;ENSG00000131203;ENSG00000120217;ENSG00000077238;ENSG00000196735;ENSG00000115525;ENSG00000265972;ENSG00000110848;ENSG00000100385;ENSG00000101347;ENSG00000100368;ENSG00000204257;ENSG00000101017;ENSG00000140105;ENSG00000196126;ENSG00000145649;ENSG00000213809;ENSG00000140853;ENSG00000139626;ENSG00000113532;ENSG00000134470;ENSG00000177409;ENSG00000138755;ENSG00000137752;ENSG00000173193;ENSG00000019582;ENSG00000174600;ENSG00000123610;ENSG00000153064;ENSG00000165949;ENSG00000108771;ENSG00000168899;ENSG00000162654;ENSG00000026103;ENSG00000026751;ENSG00000171051;ENSG00000110324;ENSG00000271503;ENSG00000123096;ENSG00000140464;ENSG00000184557;ENSG00000137959;ENSG00000121858;ENSG00000168610;ENSG00000135899;ENSG00000106100;ENSG00000090339;ENSG00000150347;ENSG00000122644;ENSG00000179583;ENSG00000157601;ENSG00000185215;ENSG00000162692;ENSG00000119917;ENSG00000125347;ENSG00000234745;ENSG00000108679;ENSG00000111335;ENSG00000124256;ENSG00000104432;ENSG00000043462;ENSG00000206503;ENSG00000109320;ENSG00000111331;ENSG00000136244;ENSG00000118503;ENSG00000185338;ENSG00000138378;ENSG00000240065;ENSG00000002549;ENSG00000145416;ENSG00000185201;ENSG00000132109;ENSG00000150457;ENSG00000158987;ENSG00000128604;ENSG00000183696;ENSG00000183486;ENSG00000127951;ENSG00000137965;ENSG00000135148;ENSG00000102900"
"HALLMARK_APICAL_JUNCTION",2.0834648314623e-08,8.68110346442624e-08,0.73376198835648,0.463647627705543,2.01238706014952,191,"ENSG00000162706;ENSG00000066405;ENSG00000006210;ENSG00000087245;ENSG00000077522;ENSG00000120217;ENSG00000145147;ENSG00000018236;ENSG00000140937;ENSG00000110799;ENSG00000184113;ENSG00000204381;ENSG00000108622;ENSG00000065618;ENSG00000134762;ENSG00000172260;ENSG00000105409;ENSG00000062038;ENSG00000163017;ENSG00000100985;ENSG00000126458;ENSG00000261371;ENSG00000079819;ENSG00000162614;ENSG00000117461;ENSG00000185386;ENSG00000149573;ENSG00000174059;ENSG00000147065;ENSG00000120896;ENSG00000149930;ENSG00000105371;ENSG00000100345;ENSG00000081237;ENSG00000156284;ENSG00000114948;ENSG00000196338;ENSG00000128591;ENSG00000166086;ENSG00000129675;ENSG00000197702;ENSG00000159840;ENSG00000082074;ENSG00000129910;ENSG00000005884;ENSG00000128340;ENSG00000101335;ENSG00000091436;ENSG00000133026;ENSG00000105376;ENSG00000165025;ENSG00000132470;ENSG00000167123;ENSG00000090339;ENSG00000157978;ENSG00000090659;ENSG00000204539;ENSG00000084636;ENSG00000035403;ENSG00000064666;ENSG00000214063;ENSG00000126562;ENSG00000114353;ENSG00000145715;ENSG00000162692"
"HALLMARK_EPITHELIAL_MESENCHYMAL_TRANSITION",6.53672550446944e-08,2.51412519402671e-07,0.704975715167238,0.453125685486599,1.97034247403676,198,"ENSG00000116132;ENSG00000172061;ENSG00000154175;ENSG00000087245;ENSG00000145147;ENSG00000077942;ENSG00000133110;ENSG00000060718;ENSG00000140937;ENSG00000184347;ENSG00000109099;ENSG00000139329;ENSG00000138685;ENSG00000197614;ENSG00000101825;ENSG00000011465;ENSG00000171951;ENSG00000163661;ENSG00000164932;ENSG00000078098;ENSG00000138829;ENSG00000142871;ENSG00000163710;ENSG00000180914;ENSG00000105290;ENSG00000107796;ENSG00000122176;ENSG00000259207;ENSG00000157227;ENSG00000113721;ENSG00000113657;ENSG00000152377;ENSG00000106483;ENSG00000123384;ENSG00000152661;ENSG00000104332;ENSG00000135862;ENSG00000176692;ENSG00000163520;ENSG00000149591;ENSG00000026103;ENSG00000042493;ENSG00000198467;ENSG00000106823;ENSG00000101335;ENSG00000085063;ENSG00000080573;ENSG00000171812;ENSG00000177606;ENSG00000087494;ENSG00000164692;ENSG00000087303;ENSG00000065534;ENSG00000149257;ENSG00000084636;ENSG00000153071;ENSG00000143878;ENSG00000116260;ENSG00000196611;ENSG00000162692;ENSG00000100234;ENSG00000142173;ENSG00000113140;ENSG00000163132;ENSG00000163739;ENSG00000163359;ENSG00000142227;ENSG00000106333;ENSG00000168487;ENSG00000108821;ENSG00000172638;ENSG00000136244;ENSG00000118503;ENSG00000118523;ENSG00000151914;ENSG00000026025;ENSG00000143369;ENSG00000170624;ENSG00000166033;ENSG00000132031;ENSG00000164176;ENSG00000058085;ENSG00000163430;ENSG00000137801"
"HALLMARK_MYOGENESIS",7.71859685515931e-08,2.75664173398547e-07,0.704975715167238,0.462815958390523,1.99295143623124,180,"ENSG00000175084;ENSG00000077522;ENSG00000211445;ENSG00000022267;ENSG00000265107;ENSG00000100362;ENSG00000189058;ENSG00000130595;ENSG00000171033;ENSG00000148180;ENSG00000135424;ENSG00000118729;ENSG00000138685;ENSG00000170290;ENSG00000109610;ENSG00000099204;ENSG00000017427;ENSG00000133392;ENSG00000109846;ENSG00000122367;ENSG00000130598;ENSG00000204291;ENSG00000068976;ENSG00000120896;ENSG00000197905;ENSG00000136717;ENSG00000105048;ENSG00000100345;ENSG00000130528;ENSG00000170276;ENSG00000114854;ENSG00000148400;ENSG00000161281;ENSG00000140945;ENSG00000109063;ENSG00000150281;ENSG00000106624;ENSG00000149591;ENSG00000196557;ENSG00000198336;ENSG00000182580;ENSG00000166444;ENSG00000197766;ENSG00000151967;ENSG00000123096;ENSG00000198467;ENSG00000176170;ENSG00000132470;ENSG00000131730;ENSG00000065534;ENSG00000117519;ENSG00000143318;ENSG00000135218;ENSG00000178104;ENSG00000124212;ENSG00000130592;ENSG00000142173;ENSG00000113140;ENSG00000119938;ENSG00000163359;ENSG00000160808;ENSG00000152556;ENSG00000068615;ENSG00000198947;ENSG00000152137;ENSG00000120885;ENSG00000196218;ENSG00000087085;ENSG00000081189;ENSG00000108821;ENSG00000124664;ENSG00000171867;ENSG00000170624;ENSG00000101470;ENSG00000134817;ENSG00000143632;ENSG00000134571;ENSG00000100842;ENSG00000119782;ENSG00000134324;ENSG00000196923;ENSG00000177791;ENSG00000071553;ENSG00000134363;ENSG00000173991;ENSG00000036448"
"HALLMARK_ESTROGEN_RESPONSE_LATE",1.43499357412355e-07,4.78331191374518e-07,0.690132458796796,-0.391694517376764,-1.92917939063552,196,"ENSG00000103942;ENSG00000197249;ENSG00000196136;ENSG00000105825;ENSG00000147255;ENSG00000111907;ENSG00000171903;ENSG00000165704;ENSG00000174827;ENSG00000148700;ENSG00000188488;ENSG00000164128;ENSG00000112378;ENSG00000103257;ENSG00000140526;ENSG00000101773;ENSG00000128311;ENSG00000054277;ENSG00000110492;ENSG00000181788;ENSG00000152767;ENSG00000130707;ENSG00000124302;ENSG00000143412;ENSG00000082175;ENSG00000165731;ENSG00000140284;ENSG00000109321;ENSG00000165169;ENSG00000111816;ENSG00000104267;ENSG00000113494;ENSG00000105699;ENSG00000180530;ENSG00000172893;ENSG00000109062;ENSG00000086300;ENSG00000073060;ENSG00000072210;ENSG00000109814;ENSG00000164070;ENSG00000172183;ENSG00000151208;ENSG00000169738;ENSG00000108352;ENSG00000164850;ENSG00000176485;ENSG00000012660"
"HALLMARK_ESTROGEN_RESPONSE_EARLY",2.38432777328857e-07,7.45102429152679e-07,0.674962860011025,-0.39708154313038,-1.96566688406517,198,"ENSG00000164742;ENSG00000111907;ENSG00000106688;ENSG00000174827;ENSG00000148700;ENSG00000164128;ENSG00000196208;ENSG00000103257;ENSG00000173156;ENSG00000115641;ENSG00000140526;ENSG00000101773;ENSG00000113739;ENSG00000155792;ENSG00000054277;ENSG00000181788;ENSG00000100003;ENSG00000181885;ENSG00000152767;ENSG00000085831;ENSG00000111057;ENSG00000163435;ENSG00000173227;ENSG00000143412;ENSG00000082175;ENSG00000165731;ENSG00000140284;ENSG00000109321;ENSG00000165169;ENSG00000109103;ENSG00000111816;ENSG00000180530;ENSG00000172893;ENSG00000109062;ENSG00000170421;ENSG00000197977;ENSG00000073060;ENSG00000003989;ENSG00000183044;ENSG00000164292;ENSG00000108352;ENSG00000176485;ENSG00000012660;ENSG00000162496;ENSG00000124249;ENSG00000141424;ENSG00000166821;ENSG00000074410;ENSG00000141682;ENSG00000147642;ENSG00000111666;ENSG00000033327;ENSG00000196372;ENSG00000117394;ENSG00000163659;ENSG00000100219;ENSG00000154153;ENSG00000144749;ENSG00000137285;ENSG00000118242;ENSG00000159461;ENSG00000169710;ENSG00000172890;ENSG00000127663;ENSG00000143409;ENSG00000134352;ENSG00000140443;ENSG00000105289;ENSG00000159166;ENSG00000146242"
"HALLMARK_COAGULATION",3.46679209120807e-07,1.01964473270826e-06,0.674962860011025,-0.448333476150286,-2.05018234630282,127,"ENSG00000171560;ENSG00000110245;ENSG00000055957;ENSG00000180210;ENSG00000101076;ENSG00000118137;ENSG00000113600;ENSG00000197249;ENSG00000088926;ENSG00000080618;ENSG00000171557;ENSG00000105825;ENSG00000119125;ENSG00000021852;ENSG00000157131;ENSG00000115718;ENSG00000105707;ENSG00000117601;ENSG00000234906;ENSG00000091513;ENSG00000187045;ENSG00000005893;ENSG00000164344;ENSG00000166670"
"HALLMARK_IL2_STAT5_SIGNALING",6.44540336162589e-07,1.79038982267386e-06,0.659444398037935,0.429544136757025,1.87028388338102,196,"ENSG00000157856;ENSG00000181195;ENSG00000174175;ENSG00000183813;ENSG00000115604;ENSG00000204305;ENSG00000196664;ENSG00000186827;ENSG00000077238;ENSG00000163600;ENSG00000169291;ENSG00000122694;ENSG00000134531;ENSG00000163599;ENSG00000123243;ENSG00000100385;ENSG00000118971;ENSG00000090554;ENSG00000120949;ENSG00000188404;ENSG00000133789;ENSG00000077984;ENSG00000227507;ENSG00000120833;ENSG00000027075;ENSG00000140030;ENSG00000105290;ENSG00000132718;ENSG00000171488;ENSG00000184371;ENSG00000162654;ENSG00000178209;ENSG00000198369;ENSG00000117091;ENSG00000115590;ENSG00000042493;ENSG00000030419;ENSG00000110324;ENSG00000143333;ENSG00000204217;ENSG00000092529;ENSG00000123685;ENSG00000125384;ENSG00000121858;ENSG00000171476;ENSG00000124942;ENSG00000136026;ENSG00000160678;ENSG00000184014;ENSG00000135074;ENSG00000143878;ENSG00000122644;ENSG00000007312;ENSG00000185291;ENSG00000125845;ENSG00000187678;ENSG00000156299;ENSG00000134460;ENSG00000138821;ENSG00000107968;ENSG00000083457;ENSG00000112149;ENSG00000185499;ENSG00000171867;ENSG00000185338;ENSG00000136997;ENSG00000136634;ENSG00000157483;ENSG00000143369;ENSG00000114737;ENSG00000112576;ENSG00000091409;ENSG00000102145;ENSG00000163814;ENSG00000155744;ENSG00000061918"
"HALLMARK_UNFOLDED_PROTEIN_RESPONSE",7.34006649868821e-07,1.93159644702321e-06,0.659444398037935,-0.46537192297324,-2.08130833567818,113,"ENSG00000146678;ENSG00000103257;ENSG00000181163;ENSG00000113739;ENSG00000135069;ENSG00000113407;ENSG00000153879;ENSG00000174851;ENSG00000173207;ENSG00000172239;ENSG00000077348;ENSG00000143870;ENSG00000113013;ENSG00000184575;ENSG00000144867;ENSG00000197930;ENSG00000171311;ENSG00000145912;ENSG00000178896;ENSG00000112685;ENSG00000175324;ENSG00000102580;ENSG00000100219;ENSG00000130520;ENSG00000124783;ENSG00000198301;ENSG00000112715;ENSG00000187840;ENSG00000175334;ENSG00000178607;ENSG00000161960;ENSG00000105171;ENSG00000182934;ENSG00000065911;ENSG00000128272;ENSG00000120742;ENSG00000118217;ENSG00000138073;ENSG00000164587;ENSG00000039123;ENSG00000140612;ENSG00000128590;ENSG00000140694;ENSG00000114902"
"HALLMARK_ADIPOGENESIS",2.31229969104801e-05,5.78074922762002e-05,0.575610261071129,-0.348494136724087,-1.71640826332717,196,"ENSG00000229314;ENSG00000146701;ENSG00000142168;ENSG00000128311;ENSG00000133318;ENSG00000176340;ENSG00000004779;ENSG00000127948;ENSG00000241837;ENSG00000170525;ENSG00000143252;ENSG00000107537;ENSG00000117054;ENSG00000198130;ENSG00000099977;ENSG00000172893;ENSG00000138413;ENSG00000073060;ENSG00000100075;ENSG00000173153;ENSG00000160216;ENSG00000111684;ENSG00000110871;ENSG00000100612;ENSG00000104823;ENSG00000156709;ENSG00000095637;ENSG00000167468;ENSG00000088682;ENSG00000133027;ENSG00000127884;ENSG00000099795;ENSG00000183048;ENSG00000157184;ENSG00000111775;ENSG00000164405;ENSG00000127540;ENSG00000213619;ENSG00000138796;ENSG00000109519;ENSG00000119927;ENSG00000165678;ENSG00000162368;ENSG00000116171;ENSG00000248098;ENSG00000117118;ENSG00000104325;ENSG00000131174;ENSG00000162976;ENSG00000179091;ENSG00000109919;ENSG00000149925;ENSG00000171135;ENSG00000141959;ENSG00000163541;ENSG00000115255;ENSG00000170027;ENSG00000101782;ENSG00000004455;ENSG00000150768;ENSG00000165672;ENSG00000132423;ENSG00000175567;ENSG00000117791;ENSG00000250479;ENSG00000010256;ENSG00000147872;ENSG00000122971;ENSG00000137992;ENSG00000150593;ENSG00000128609;ENSG00000161533;ENSG00000184076;ENSG00000177156;ENSG00000115361;ENSG00000167772;ENSG00000198142;ENSG00000171723;ENSG00000138074;ENSG00000065833;ENSG00000099968;ENSG00000197150;ENSG00000156171;ENSG00000138073;ENSG00000167315;ENSG00000158615"
"HALLMARK_PEROXISOME",7.29832676553924e-05,0.000173769684893791,0.538434096309916,-0.41742964229758,-1.8374626788474,100,"ENSG00000163631;ENSG00000170099;ENSG00000142168;ENSG00000144852;ENSG00000140284;ENSG00000102910;ENSG00000134058;ENSG00000138413;ENSG00000104823;ENSG00000116906;ENSG00000012660;ENSG00000176387;ENSG00000162496;ENSG00000166821;ENSG00000005471;ENSG00000116171;ENSG00000126432;ENSG00000067064;ENSG00000182054;ENSG00000149485;ENSG00000214253;ENSG00000117305;ENSG00000113790;ENSG00000162928;ENSG00000117528;ENSG00000124587;ENSG00000117450;ENSG00000197448;ENSG00000119541;ENSG00000173473;ENSG00000161533;ENSG00000099377;ENSG00000164751;ENSG00000196470;ENSG00000072042;ENSG00000160752;ENSG00000103150;ENSG00000213965;ENSG00000100372;ENSG00000119185;ENSG00000197888;ENSG00000198189;ENSG00000157593;ENSG00000142867;ENSG00000101473;ENSG00000139197;ENSG00000085563;ENSG00000121691;ENSG00000198721;ENSG00000211452;ENSG00000089057;ENSG00000150967"
"HALLMARK_IL6_JAK_STAT3_SIGNALING",9.58753538046009e-05,0.000217898531374093,0.538434096309916,0.480448271545096,1.85391052038558,82,"ENSG00000139567;ENSG00000232810;ENSG00000115604;ENSG00000077238;ENSG00000175899;ENSG00000119535;ENSG00000100368;ENSG00000227507;ENSG00000163737;ENSG00000134470;ENSG00000138755;ENSG00000259207;ENSG00000147168;ENSG00000163734;ENSG00000184371;ENSG00000125538;ENSG00000026103;ENSG00000115590;ENSG00000184557;ENSG00000115594;ENSG00000168610;ENSG00000177606;ENSG00000096996;ENSG00000135218;ENSG00000185291;ENSG00000145623;ENSG00000125347;ENSG00000163823;ENSG00000163739;ENSG00000134460;ENSG00000105246;ENSG00000104432;ENSG00000141506;ENSG00000107968;ENSG00000110395;ENSG00000136244;ENSG00000185338"
"HALLMARK_TNFA_SIGNALING_VIA_NFKB",0.00029364848414439,0.000638366269879108,0.49849310876659,0.37278766572275,1.62315977209783,196,"ENSG00000168685;ENSG00000127528;ENSG00000126561;ENSG00000232810;ENSG00000136826;ENSG00000145632;ENSG00000110848;ENSG00000122861;ENSG00000125740;ENSG00000120738;ENSG00000163661;ENSG00000117525;ENSG00000142871;ENSG00000134470;ENSG00000136048;ENSG00000123358;ENSG00000275302;ENSG00000003402;ENSG00000078401;ENSG00000173391;ENSG00000123610;ENSG00000171522;ENSG00000163734;ENSG00000184371;ENSG00000130164;ENSG00000162407;ENSG00000160888;ENSG00000125538;ENSG00000140379;ENSG00000069399;ENSG00000120129;ENSG00000271503;ENSG00000119138;ENSG00000184557;ENSG00000162783;ENSG00000119508;ENSG00000176170;ENSG00000158050;ENSG00000184014;ENSG00000177606;ENSG00000090339;ENSG00000175592;ENSG00000132334;ENSG00000197632;ENSG00000143878;ENSG00000185215;ENSG00000125845;ENSG00000179388;ENSG00000125347;ENSG00000123689;ENSG00000163739;ENSG00000104856;ENSG00000166949;ENSG00000162616;ENSG00000107968;ENSG00000159388;ENSG00000109320;ENSG00000112149;ENSG00000121797;ENSG00000136244;ENSG00000118503;ENSG00000115956;ENSG00000136997;ENSG00000131459;ENSG00000034152;ENSG00000170345;ENSG00000081041;ENSG00000102908;ENSG00000128016;ENSG00000162924;ENSG00000125733;ENSG00000163660;ENSG00000143384;ENSG00000171223"
"HALLMARK_PROTEIN_SECRETION",0.000834425697655215,0.00173838687011503,0.477270815362862,-0.387863774749001,-1.67217912770387,95,"ENSG00000142168;ENSG00000005893;ENSG00000086598;ENSG00000116039;ENSG00000181704;ENSG00000111057;ENSG00000170348;ENSG00000105829;ENSG00000139921;ENSG00000125991;ENSG00000087460;ENSG00000176171;ENSG00000076554;ENSG00000144566;ENSG00000042753;ENSG00000079950;ENSG00000105669;ENSG00000124198;ENSG00000116521;ENSG00000138768;ENSG00000122126;ENSG00000157916;ENSG00000119541;ENSG00000144674;ENSG00000177879;ENSG00000134265;ENSG00000122705;ENSG00000141198;ENSG00000074319;ENSG00000083097;ENSG00000124333;ENSG00000265808;ENSG00000164144;ENSG00000124209;ENSG00000074695;ENSG00000003056;ENSG00000143761;ENSG00000124222;ENSG00000138674;ENSG00000105402;ENSG00000102393;ENSG00000003147;ENSG00000136738;ENSG00000087470;ENSG00000047249;ENSG00000104388"
"HALLMARK_KRAS_SIGNALING_UP",0.00156697235240709,0.00313394470481419,0.45505986738723,0.360620856596447,1.55774684628864,187,"ENSG00000166292;ENSG00000116132;ENSG00000168685;ENSG00000152583;ENSG00000144063;ENSG00000262655;ENSG00000136826;ENSG00000156298;ENSG00000189058;ENSG00000197646;ENSG00000185811;ENSG00000006468;ENSG00000122861;ENSG00000134531;ENSG00000104918;ENSG00000118971;ENSG00000100985;ENSG00000134954;ENSG00000261371;ENSG00000104894;ENSG00000086730;ENSG00000149573;ENSG00000163736;ENSG00000130300;ENSG00000182568;ENSG00000174600;ENSG00000071575;ENSG00000249992;ENSG00000162618;ENSG00000204103;ENSG00000167191;ENSG00000147168;ENSG00000136158;ENSG00000132640;ENSG00000048052;ENSG00000125538;ENSG00000136732;ENSG00000159640;ENSG00000101916;ENSG00000137033;ENSG00000057657;ENSG00000104814;ENSG00000110324;ENSG00000143333;ENSG00000134516;ENSG00000134028;ENSG00000117472;ENSG00000132639;ENSG00000106991;ENSG00000134323;ENSG00000125845;ENSG00000171860;ENSG00000123689;ENSG00000121966;ENSG00000111729;ENSG00000107554;ENSG00000124491;ENSG00000109472;ENSG00000104783;ENSG00000160255;ENSG00000110395;ENSG00000128918;ENSG00000118503;ENSG00000139318;ENSG00000131459;ENSG00000198300;ENSG00000115598;ENSG00000136167"
"HALLMARK_CHOLESTEROL_HOMEOSTASIS",0.00328425752558622,0.00631587985689657,0.431707695803346,-0.396065092360384,-1.65572406887842,74,"ENSG00000104537;ENSG00000198099;ENSG00000149809;ENSG00000160200;ENSG00000178445;ENSG00000134824;ENSG00000110721;ENSG00000001630;ENSG00000172893;ENSG00000099194;ENSG00000116285;ENSG00000104823;ENSG00000169136;ENSG00000116663;ENSG00000067064;ENSG00000107331;ENSG00000120437;ENSG00000109929;ENSG00000006327;ENSG00000169710;ENSG00000162236;ENSG00000163344;ENSG00000101255;ENSG00000131069;ENSG00000160752;ENSG00000164111;ENSG00000109084;ENSG00000110921;ENSG00000010278;ENSG00000147155;ENSG00000160285;ENSG00000147383;ENSG00000185813"
"HALLMARK_HEME_METABOLISM",0.00410476632849371,0.0073299398723102,0.407017918923954,-0.289727040522768,-1.42255325033308,186,"ENSG00000160282;ENSG00000075643;ENSG00000088826;ENSG00000086232;ENSG00000023909;ENSG00000120158;ENSG00000047597;ENSG00000162366;ENSG00000005893;ENSG00000115657;ENSG00000112212;ENSG00000104267;ENSG00000024862;ENSG00000187266;ENSG00000119711;ENSG00000167815;ENSG00000159346;ENSG00000107789;ENSG00000119950;ENSG00000133606;ENSG00000130313;ENSG00000143321;ENSG00000063854;ENSG00000170385;ENSG00000112992;ENSG00000117394;ENSG00000109854;ENSG00000123240;ENSG00000130821;ENSG00000173599;ENSG00000001084;ENSG00000144659;ENSG00000167363;ENSG00000007541;ENSG00000141084;ENSG00000101782;ENSG00000126088;ENSG00000040531;ENSG00000256269;ENSG00000178974;ENSG00000215908;ENSG00000187735;ENSG00000175567;ENSG00000184792;ENSG00000118985;ENSG00000100897;ENSG00000165272;ENSG00000158856;ENSG00000179262;ENSG00000168785;ENSG00000130560;ENSG00000006459;ENSG00000100225;ENSG00000100592;ENSG00000187010;ENSG00000138433"
"HALLMARK_UV_RESPONSE_DN",0.00409571241868518,0.0073299398723102,0.407017918923954,0.36286945952648,1.5223809118237,144,"ENSG00000157404;ENSG00000198121;ENSG00000060718;ENSG00000109099;ENSG00000131018;ENSG00000105974;ENSG00000101333;ENSG00000156103;ENSG00000048740;ENSG00000163513;ENSG00000117114;ENSG00000171608;ENSG00000117461;ENSG00000117525;ENSG00000142871;ENSG00000010810;ENSG00000259207;ENSG00000187210;ENSG00000113721;ENSG00000141837;ENSG00000198873;ENSG00000180340;ENSG00000130164;ENSG00000162407;ENSG00000170961;ENSG00000152661;ENSG00000135862;ENSG00000116731;ENSG00000070778;ENSG00000151967;ENSG00000120129;ENSG00000122420;ENSG00000058668;ENSG00000164692;ENSG00000153071;ENSG00000147862;ENSG00000125968;ENSG00000108175;ENSG00000109452;ENSG00000121989"
"HALLMARK_APICAL_SURFACE",0.00705863361838118,0.0121700579627262,0.407017918923954,0.483331531537541,1.65749601148658,42,"ENSG00000172005;ENSG00000006210;ENSG00000105929;ENSG00000169129;ENSG00000162631;ENSG00000100385;ENSG00000101955;ENSG00000147168;ENSG00000159307;ENSG00000112139;ENSG00000058453"
"HALLMARK_MYC_TARGETS_V2",0.00744012345929149,0.0124002057654858,0.407017918923954,-0.405667953398912,-1.61865948009261,58,"ENSG00000181163;ENSG00000120158;ENSG00000048162;ENSG00000144381;ENSG00000077348;ENSG00000162851;ENSG00000123545;ENSG00000167085;ENSG00000140263;ENSG00000124383;ENSG00000132603;ENSG00000135446;ENSG00000133316;ENSG00000136270;ENSG00000174669;ENSG00000115541;ENSG00000122565;ENSG00000076248;ENSG00000106305;ENSG00000179958;ENSG00000109084;ENSG00000173638;ENSG00000179115;ENSG00000130810"
"HALLMARK_HYPOXIA",0.0116525742335095,0.0187944745701767,0.380730400722792,-0.281405569569305,-1.38245836569126,194,"ENSG00000136872;ENSG00000146678;ENSG00000124253;ENSG00000109819;ENSG00000113739;ENSG00000185950;ENSG00000181788;ENSG00000047457;ENSG00000170525;ENSG00000175197;ENSG00000073060;ENSG00000100075;ENSG00000143590;ENSG00000116285;ENSG00000172183;ENSG00000122884;ENSG00000159167;ENSG00000111640;ENSG00000182718;ENSG00000197930;ENSG00000119950;ENSG00000169242;ENSG00000118804;ENSG00000074410;ENSG00000111669;ENSG00000076554;ENSG00000188994;ENSG00000126432;ENSG00000169764;ENSG00000240972;ENSG00000151014;ENSG00000137700;ENSG00000149925;ENSG00000117394;ENSG00000141959;ENSG00000163659;ENSG00000137106;ENSG00000105135;ENSG00000069667;ENSG00000148926;ENSG00000112715;ENSG00000146674;ENSG00000146242;ENSG00000163516;ENSG00000147872;ENSG00000143627;ENSG00000124145;ENSG00000167772;ENSG00000143847;ENSG00000138794;ENSG00000095015;ENSG00000162433;ENSG00000105220;ENSG00000102144;ENSG00000108515;ENSG00000133639;ENSG00000144476"
"HALLMARK_APOPTOSIS",0.013910206194227,0.0217346971784797,0.380730400722792,0.337259979927022,1.43307876107303,158,"ENSG00000087245;ENSG00000117600;ENSG00000232810;ENSG00000211445;ENSG00000116824;ENSG00000265972;ENSG00000148180;ENSG00000105974;ENSG00000110848;ENSG00000139329;ENSG00000180644;ENSG00000134531;ENSG00000133101;ENSG00000011465;ENSG00000135046;ENSG00000118971;ENSG00000137841;ENSG00000111859;ENSG00000137752;ENSG00000113721;ENSG00000182568;ENSG00000149557;ENSG00000003402;ENSG00000104081;ENSG00000125538;ENSG00000026103;ENSG00000166148;ENSG00000121858;ENSG00000188641;ENSG00000177606;ENSG00000167779;ENSG00000143878;ENSG00000100234;ENSG00000125845;ENSG00000100290;ENSG00000179388;ENSG00000125347;ENSG00000035862;ENSG00000144136;ENSG00000120885;ENSG00000131981;ENSG00000159388"
"HALLMARK_REACTIVE_OXYGEN_SPECIES_PATHWAY",0.0351641251333485,0.0532789774747705,0.321775918075361,-0.371088547257559,-1.44141554792541,49,"ENSG00000142168;ENSG00000023909;ENSG00000008394;ENSG00000103415;ENSG00000134248;ENSG00000167815;ENSG00000119383;ENSG00000117592;ENSG00000167468;ENSG00000023572;ENSG00000158864;ENSG00000001084;ENSG00000117450;ENSG00000197971;ENSG00000123131;ENSG00000136810;ENSG00000065518;ENSG00000131871;ENSG00000271303;ENSG00000177556;ENSG00000184470"
"HALLMARK_INTERFERON_ALPHA_RESPONSE",0.0394366197183099,0.0579950289975145,0.271288554688953,0.3418635876237,1.36295443721894,97,"ENSG00000078081;ENSG00000077238;ENSG00000265972;ENSG00000188404;ENSG00000140105;ENSG00000182179;ENSG00000177409;ENSG00000137752;ENSG00000173193;ENSG00000019582;ENSG00000165949;ENSG00000108771;ENSG00000184371;ENSG00000162654;ENSG00000137959;ENSG00000135899;ENSG00000157601;ENSG00000101000;ENSG00000119917;ENSG00000125347;ENSG00000108679;ENSG00000104432;ENSG00000121797;ENSG00000240065;ENSG00000002549;ENSG00000185201;ENSG00000132109;ENSG00000139679;ENSG00000137965;ENSG00000135148;ENSG00000216490;ENSG00000133106;ENSG00000168310;ENSG00000055332;ENSG00000134321;ENSG00000132256;ENSG00000138496;ENSG00000188313;ENSG00000142089;ENSG00000155287;ENSG00000137200;ENSG00000137628;ENSG00000164136;ENSG00000168394;ENSG00000135114"
"HALLMARK_TGF_BETA_SIGNALING",0.0439393939393939,0.0627705627705628,0.266350657088526,0.399962557448538,1.4334450017717,53,"ENSG00000067560;ENSG00000115306;ENSG00000170365;ENSG00000204217;ENSG00000137834;ENSG00000125968;ENSG00000106991;ENSG00000119681;ENSG00000125845;ENSG00000137936;ENSG00000166949;ENSG00000088832;ENSG00000183691;ENSG00000144136;ENSG00000117318;ENSG00000104067;ENSG00000157933;ENSG00000196498;ENSG00000168036;ENSG00000108854;ENSG00000137801;ENSG00000134982;ENSG00000171223;ENSG00000087074"
"HALLMARK_HEDGEHOG_SIGNALING",0.0598425196850394,0.0831146106736658,0.231126709673834,0.430292637730891,1.42704996405343,35,"ENSG00000163623;ENSG00000187122;ENSG00000182168;ENSG00000171951;ENSG00000139970;ENSG00000100345;ENSG00000092964;ENSG00000140464;ENSG00000140332;ENSG00000164683;ENSG00000145715;ENSG00000105810"
"HALLMARK_ANGIOGENESIS",0.0661417322834646,0.0893807193019791,0.219250346703755,0.424967849387068,1.40939049617428,35,"ENSG00000175445;ENSG00000196154;ENSG00000133110;ENSG00000139329;ENSG00000174640;ENSG00000118971;ENSG00000178726;ENSG00000163737;ENSG00000173391"
"HALLMARK_KRAS_SIGNALING_DN",0.0911528150134048,0.117130931084419,0.169570644405628,0.295884404831502,1.24139999398073,145,"ENSG00000149021;ENSG00000153002;ENSG00000171346;ENSG00000186081;ENSG00000129991;ENSG00000145936;ENSG00000081277;ENSG00000139219;ENSG00000133101;ENSG00000178372;ENSG00000198626;ENSG00000184160;ENSG00000181773;ENSG00000175040;ENSG00000102245;ENSG00000135312;ENSG00000156284;ENSG00000168779;ENSG00000078401;ENSG00000072858;ENSG00000127364;ENSG00000188389;ENSG00000105641;ENSG00000099957;ENSG00000102001;ENSG00000128408;ENSG00000137959;ENSG00000243566;ENSG00000103313;ENSG00000185245;ENSG00000006047;ENSG00000122420;ENSG00000118596"
"HALLMARK_PANCREAS_BETA_CELLS",0.0913621262458472,0.117130931084419,0.190023305279108,0.437137546693384,1.36121789723023,27,"ENSG00000163623;ENSG00000125851;ENSG00000175426;ENSG00000077264;ENSG00000135363;ENSG00000006071;ENSG00000197635;ENSG00000204103;ENSG00000150907;ENSG00000111424"
"HALLMARK_WNT_BETA_CATENIN_SIGNALING",0.127725856697819,0.159657320872274,0.153158808683073,0.376238872004683,1.28670928312804,41,"ENSG00000118971;ENSG00000168646;ENSG00000125084;ENSG00000148400;ENSG00000081059;ENSG00000111186;ENSG00000157240;ENSG00000164683;ENSG00000204301;ENSG00000168214;ENSG00000196498;ENSG00000140807;ENSG00000136997;ENSG00000168036"
"HALLMARK_ANDROGEN_RESPONSE",0.195876288659794,0.238873522755846,0.186432558434075,-0.261620265387041,-1.14465716560028,99,"ENSG00000103942;ENSG00000140526;ENSG00000198648;ENSG00000102172;ENSG00000170421;ENSG00000099194;ENSG00000101608;ENSG00000012660;ENSG00000103275;ENSG00000076554;ENSG00000067064;ENSG00000135525;ENSG00000140263;ENSG00000149485;ENSG00000130706;ENSG00000013375;ENSG00000166451;ENSG00000065135;ENSG00000118985;ENSG00000183726;ENSG00000117143;ENSG00000151092;ENSG00000079246;ENSG00000186480"
"HALLMARK_COMPLEMENT",0.255696202531646,0.304400241109102,0.0908241419007155,0.25272265510055,1.09721024924775,193,"ENSG00000077522;ENSG00000107742;ENSG00000102174;ENSG00000196352;ENSG00000182866;ENSG00000003400;ENSG00000145649;ENSG00000058866;ENSG00000117525;ENSG00000197635;ENSG00000239713;ENSG00000102245;ENSG00000085265;ENSG00000010810;ENSG00000137752;ENSG00000157227;ENSG00000164308;ENSG00000148516;ENSG00000173391;ENSG00000100453;ENSG00000135678;ENSG00000116983;ENSG00000169896;ENSG00000163220;ENSG00000123384;ENSG00000140945;ENSG00000172575;ENSG00000113088;ENSG00000115041;ENSG00000204389;ENSG00000105851;ENSG00000271503;ENSG00000163221;ENSG00000085063;ENSG00000185245;ENSG00000102780;ENSG00000203710;ENSG00000197632;ENSG00000135218;ENSG00000114353;ENSG00000186469;ENSG00000204301;ENSG00000118113;ENSG00000109861;ENSG00000125347;ENSG00000189171;ENSG00000163739;ENSG00000035862;ENSG00000012223;ENSG00000141506;ENSG00000100311;ENSG00000120885;ENSG00000159176;ENSG00000043462;ENSG00000131981;ENSG00000178226;ENSG00000136244;ENSG00000118503;ENSG00000115956;ENSG00000139318;ENSG00000240065;ENSG00000002549;ENSG00000198668;ENSG00000168615;ENSG00000100600;ENSG00000087250;ENSG00000137745;ENSG00000163131;ENSG00000111144;ENSG00000167083"
"HALLMARK_MITOTIC_SPINDLE",0.31960049937578,0.371628487646256,0.0778840111977068,0.244174893294612,1.06494105099929,199,"ENSG00000148180;ENSG00000071205;ENSG00000079819;ENSG00000118762;ENSG00000111859;ENSG00000149930;ENSG00000136717;ENSG00000100345;ENSG00000141298;ENSG00000137962;ENSG00000119397;ENSG00000115306;ENSG00000100242;ENSG00000180263;ENSG00000211455;ENSG00000170776;ENSG00000126214;ENSG00000120318;ENSG00000089159;ENSG00000134516;ENSG00000275835;ENSG00000139618;ENSG00000133026;ENSG00000072501;ENSG00000035403;ENSG00000149798;ENSG00000145715;ENSG00000090924;ENSG00000163947;ENSG00000115839;ENSG00000171992;ENSG00000156299;ENSG00000159842;ENSG00000138182;ENSG00000141577;ENSG00000108423;ENSG00000011426;ENSG00000151914;ENSG00000157483;ENSG00000011454;ENSG00000038382;ENSG00000097007;ENSG00000078674;ENSG00000130402;ENSG00000134982;ENSG00000089820;ENSG00000090889;ENSG00000158987;ENSG00000079482;ENSG00000155903"
"HALLMARK_E2F_TARGETS",0.407960199004975,0.463591135232926,0.153158808683073,-0.206643826499471,-1.01919511380323,200,"ENSG00000156802;ENSG00000173207;ENSG00000101057;ENSG00000172336;ENSG00000136982;ENSG00000132341;ENSG00000124207;ENSG00000213347;ENSG00000163950;ENSG00000106399;ENSG00000049541;ENSG00000135446;ENSG00000146143;ENSG00000183765;ENSG00000183011;ENSG00000136270;ENSG00000104320;ENSG00000004455;ENSG00000029993;ENSG00000071539;ENSG00000123131;ENSG00000106628;ENSG00000076248;ENSG00000137309;ENSG00000179958;ENSG00000189159;ENSG00000065911;ENSG00000075131;ENSG00000103342;ENSG00000143815;ENSG00000105173;ENSG00000100410;ENSG00000167005;ENSG00000113522;ENSG00000164109;ENSG00000128050;ENSG00000135473;ENSG00000176974;ENSG00000102054;ENSG00000111875;ENSG00000100526;ENSG00000099901;ENSG00000113456;ENSG00000073111;ENSG00000124795;ENSG00000239672;ENSG00000149554;ENSG00000149136;ENSG00000170515;ENSG00000072571;ENSG00000131470;ENSG00000135316;ENSG00000187109;ENSG00000108106;ENSG00000135476;ENSG00000111602;ENSG00000196230;ENSG00000104889;ENSG00000111581;ENSG00000145220;ENSG00000077152;ENSG00000196419;ENSG00000159147"
"HALLMARK_P53_PATHWAY",0.444862155388471,0.494291283764968,0.0615706755421678,0.231891392570276,1.00943152055534,197,"ENSG00000196154;ENSG00000166592;ENSG00000136826;ENSG00000145632;ENSG00000265972;ENSG00000073282;ENSG00000111716;ENSG00000118971;ENSG00000175793;ENSG00000136048;ENSG00000137752;ENSG00000118308;ENSG00000169908;ENSG00000152104;ENSG00000148400;ENSG00000140945;ENSG00000173846;ENSG00000128422;ENSG00000065357;ENSG00000111424;ENSG00000026103;ENSG00000186834;ENSG00000143333;ENSG00000170836;ENSG00000162783;ENSG00000176170;ENSG00000142627;ENSG00000132470;ENSG00000177606;ENSG00000185650;ENSG00000132334;ENSG00000197461;ENSG00000174307;ENSG00000137975;ENSG00000138311;ENSG00000101000;ENSG00000125845;ENSG00000109670;ENSG00000159388;ENSG00000148175;ENSG00000159450;ENSG00000185338;ENSG00000080546;ENSG00000172667;ENSG00000185339;ENSG00000170734;ENSG00000109906;ENSG00000112576;ENSG00000170345;ENSG00000179593;ENSG00000167565;ENSG00000174775;ENSG00000154767;ENSG00000168564;ENSG00000114738;ENSG00000183696"
"HALLMARK_SPERMATOGENESIS",0.522408963585434,0.557861961598339,0.059221919380382,0.241635100856305,0.960028030222881,93,"ENSG00000106829;ENSG00000129991;ENSG00000169291;ENSG00000092850;ENSG00000133101;ENSG00000141433;ENSG00000108387;ENSG00000162676;ENSG00000081985;ENSG00000166086;ENSG00000112530;ENSG00000159640;ENSG00000161905;ENSG00000178053;ENSG00000006047;ENSG00000100206;ENSG00000126803;ENSG00000122644"
"HALLMARK_UV_RESPONSE_UP",0.524390243902439,0.557861961598339,0.118815039412263,-0.204118153443093,-0.97516266459866,154,"ENSG00000169856;ENSG00000123843;ENSG00000106689;ENSG00000055118;ENSG00000128311;ENSG00000113407;ENSG00000128524;ENSG00000153879;ENSG00000165731;ENSG00000204444;ENSG00000104267;ENSG00000110721;ENSG00000099804;ENSG00000130741;ENSG00000139644;ENSG00000124702;ENSG00000133740;ENSG00000109519;ENSG00000161011;ENSG00000114859;ENSG00000042753;ENSG00000165916;ENSG00000149925;ENSG00000123505;ENSG00000130821;ENSG00000163882;ENSG00000116096;ENSG00000147955;ENSG00000126088;ENSG00000134352;ENSG00000169684"
"HALLMARK_NOTCH_SIGNALING",0.539936102236422,0.562433439829606,0.0639271933359996,0.291196290122952,0.946049242268319,32,"ENSG00000105989;ENSG00000184384;ENSG00000148400;ENSG00000157240;ENSG00000163251;ENSG00000148737;ENSG00000074181"
"HALLMARK_PI3K_AKT_MTOR_SIGNALING",0.875432525951557,0.893298495868936,0.0785029047348687,-0.183894540371988,-0.810063705245284,101,"ENSG00000127928;ENSG00000123268;ENSG00000172531;ENSG00000175197;ENSG00000204435;ENSG00000204673;ENSG00000181929;ENSG00000161011;ENSG00000172757;ENSG00000135341;ENSG00000134259;ENSG00000111229;ENSG00000137713;ENSG00000117394;ENSG00000135446"
"HALLMARK_G2M_CHECKPOINT",1,1,0.0911073131586733,-0.0885982996717787,-0.437490463592279,199,"ENSG00000180818;ENSG00000103257;ENSG00000173207;ENSG00000101057;ENSG00000139514;ENSG00000020426;ENSG00000115758;ENSG00000167088;ENSG00000119318;ENSG00000169136;ENSG00000123505;ENSG00000135446;ENSG00000146143;ENSG00000029993;ENSG00000173473;ENSG00000137309;ENSG00000138798;ENSG00000111371;ENSG00000189159;ENSG00000134250;ENSG00000103342;ENSG00000141380;ENSG00000112941;ENSG00000143815;ENSG00000164815;ENSG00000197903;ENSG00000164109;ENSG00000198900;ENSG00000100526;ENSG00000175063;ENSG00000055130;ENSG00000073111;ENSG00000153187;ENSG00000149554;ENSG00000110092;ENSG00000072571;ENSG00000108468;ENSG00000135316;ENSG00000108106;ENSG00000135476"
